高雄市因應各項災害避難收容處所一覽表,,,,,,,,,,,,,,,,,,,,
"共計規劃356處，可收容85,477人，104年7月30日校正",,,,,,,,,,,,,,,,,,,,
項次,避難收容處所編號,避難收容處所名稱,管理層級,所在縣市,所在鄉鎮市,主管單位聯絡人姓名,聯絡人電話,手機號碼,收容所設置單位,收容所聯絡人姓名,收容所聯絡人電話,收容所聯絡人手機,郵遞區號,收容所縣市,收容所鄉鎮,收容所村里,收容所地址,服務里別,容納人數,適用災害
1,SE000-0001,岡山榮譽國民之家,縣市,高雄市,燕巢區,社會局救助科避難收容業務承辦人,3368333轉2060-2062,3368333轉2060-2062,高雄市政府社會局,社會局救助科避難收容業務承辦股長,3368333轉2060-2062,3368333轉2060-2062,824,高雄市,燕巢區,瓊林里,成功路1 號,"特殊需照料之弱勢災民，如洗腎患者及其家屬
",50 ,"■風水災
■地震
■海嘯
■其他
"
2,SE000-0002,鳳雄營區,縣市,高雄市,燕巢區,社會局救助科避難收容業務承辦人,3368333轉2060-2062,3368333轉2060-2062,高雄市政府社會局,社會局救助科避難收容業務承辦股長,3368333轉2060-2062,3368333轉2060-2062,824,高雄市,燕巢區,鳳雄里,鳳旗路23號,如需進行異地收容安置方才啟用，視情況調度收容對象,900 ,"■風水災
■地震
■海嘯
■其他
"
3,SE000-0003,黃埔營區,縣市,高雄市,鳳山區,社會局救助科避難收容業務承辦人,3368333轉2060-2062,3368333轉2060-2062,高雄市政府社會局,社會局救助科避難收容業務承辦股長,3368333轉2060-2062,3368333轉2060-2062,830,高雄市,鳳山區,誠正里,維武路1號,如需進行異地收容安置方才啟用，視情況調度收容對象,600 ,"■風水災
■地震
■海嘯
■其他
"
4,SE000-0004,高雄市政府/中華民國紅十字會-避難收容暨備災訓練中心,縣市,高雄市,鳳山區,社會局救助科避難收容業務承辦人,3368333轉2060-2062,3368333轉2060-2062,高雄市政府社會局,社會局救助科避難收容業務承辦股長,3368333轉2060-2062,3368333轉2060-2062,830,高雄市,鳳山區,忠誠里,鳳松路442號,（優先開設）需異地安置之本市民眾,400 ,"■風水災
■地震
■海嘯
■其他
"
5,SE000-0005,仁美營區,縣市,高雄市,大樹區,社會局救助科避難收容業務承辦人,3368333轉2060-2062,3368333轉2060-2062,高雄市政府社會局,社會局救助科避難收容業務承辦股長,3368333轉2060-2062,3368333轉2060-2062,840,高雄市,大樹區,久堂里,久堂路195-20號,如需進行異地收容安置方才啟用，視情況調度收容對象,200 ,"■風水災
■地震
■海嘯
■其他
"
6,SE000-0006,金陵營區,縣市,高雄市,燕巢區,社會局救助科避難收容業務承辦人,3368333轉2060-2062,3368333轉2060-2062,高雄市政府社會局,社會局救助科避難收容業務承辦股長,3368333轉2060-2062,3368333轉2060-2062,824,高雄市,燕巢區,南燕里,中西路1號,如需進行異地收容安置方才啟用，視情況調度收容對象,500 ,"■風水災
■地震
■海嘯
■其他
"
7,SE000-0007,和平營區,縣市,高雄市,三民區,社會局救助科避難收容業務承辦人,3368333*2060-2062,3368333*2060-2062,高雄市政府社會局,社會局救助科避難收容業務承辦股長,3368333*2060-2062,3368333*2060-2062,807,高雄市,三民區,鼎金里,武功巷52號,如需進行異地收容安置方才啟用，視情況調度收容對象,200 ,"■風水災
■地震
■海嘯
■其他
"
8,SE000-0008,新濱營區,縣市,高雄市,鼓山區,社會局救助科避難收容業務承辦人,3368333*2060-2062,3368333*2060-2062,高雄市政府社會局,社會局救助科避難收容業務承辦股長,3368333*2060-2062,3368333*2060-2062,804,高雄市,鼓山區,維生里,鼓山一路1號,如需進行異地收容安置方才啟用，視情況調度收容對象,230 ,"■風水災
■地震
■海嘯
■其他
"
9,SE000-0009,金湯營區,縣市,高雄市,鳳山區,社會局救助科避難收容業務承辦人,3368333轉2060-2062,3368333轉2060-2062,高雄市政府社會局,社會局救助科避難收容業務承辦股長,3368333轉2060-2062,3368333轉2060-2062,830,高雄市,鳳山區,,凱旋路1號,如需進行異地收容安置方才啟用，視情況調度收容對象,400 ,"■風水災
■地震
■海嘯
■其他
"
10,SE000-0010,嶺口營區,縣市,高雄市,旗山區,社會局救助科避難收容業務承辦人,3368333*2060-2062,3368333*2060-2062,高雄市政府社會局,社會局救助科避難收容業務承辦股長,3368333*2060-2062,3368333*2060-2062,842,高雄市,旗山區,南勝里,旗南三路234號,如需異地收容安置方才啟用，視情況調度收容對象,700 ,"■風水災
■地震
■海嘯
■其他
"
11,SE000-0011,華山營區,縣市,高雄市,旗山區,社會局救助科避難收容業務承辦人,3368333*2060-2060,3368333*2060-2060,高雄市政府社會局,社會局救助科避難收容業務承辦股長,3368333*2060-2060,3368333*2060-2060,842,高雄市,旗山區,中正里,華山路11號,如需進行異地收容安置方才啟用，視情況調度收容對象,100 ,"■風水災
■地震
■海嘯
■其他
"
12,SE000-0013,中正營區,縣市,高雄市,鳳山區,社會局救助科避難收容業務承辦人,3368333轉2060-2062,3368333轉2060-2062,高雄市政府社會局,社會局救助科避難收容業務承辦股長,3368333轉2060-2062,3368333轉2060-2062,830,高雄市,鳳山區,,凱旋路1號,如需進行異地收容安置時方才啟用，視情況調度收容對象,500 ,"■風水災
■地震
■海嘯
■其他
"
13,SE000-0014,高雄市政府社會局陽光家園,縣市,高雄市,苓雅區,社會局婦女及保護服務科業務承辦人,07-3303353,07-3303353,高雄市政府社會局婦保科業務,社會局婦女及保護服務科業務承辦人,07-3303353,07-3303353,802,高雄市,苓雅區,晴朗里,四維三路2號9樓,需特殊照顧之失依兒童少年，如需異地安置始視情況進行開設,3 ,"■風水災
■地震
■海嘯
■其他
"
14,SE000-0015,高雄市政府社會局安琪兒家園,縣市,高雄市,苓雅區,社會局婦女及保護服務科業務承辦人,07-3303353,07-3303353,高雄市政府社會局婦保科業務,社會局婦女及保護服務科業務承辦人,07-3303353,07-3303353,802,高雄市,苓雅區,晴朗里,四維三路2號9樓,需特殊照顧之失依兒童少年，如需異地安置始視情況進行開設,3 ,"■風水災
■地震
■海嘯
■其他
"
15,SE000-0016,高雄市政府社會局仁愛之家,縣市,高雄市,燕巢區,總務組,07-6152611-103,07-6152611-103,高雄市政府社會局老福科,姚昱伶主任,6152611-201,6152611-201,824,高雄市,燕巢區,深水里,深水路1號,有安養護需求之異地安置受災民眾，計有（養護床5床、安養床10床、失智床10床）視情況進行開設,25 ,"■風水災
■地震
■海嘯
■其他
"
16,SE000-0017,高雄市政府社會局無障礙之家,縣市,高雄市,前鎮區,活動課,07-8151500分機107,07-8151500分機107,高雄市政府社會局無障礙之家,許慧香主任,07-8151500分機201,07-8151500分機201,806,高雄市,前鎮區,,翠亨北路392號,設籍本市領有身心障礙手冊之18歲至64歲重度、極重度智障者或含有智障之多重障礙者（需進行異地安置使視情況開設）,3 ,"■風水災
■地震
■海嘯
■其他
"
17,SE000-0018,三民街友服務中心,縣市,高雄市,三民區,高雄市政府社會局街友業務承辦人,07-3368333*2060~2062,07-3368333*2060~2062,高雄市政府社會局,陳安成主任,07-3432263,07-3432263,807,高雄市,三民區,,天祥二路31號,三民街友中心服務區域之街友,80 ,"■風水災
■地震
■海嘯
■其他"
18,SE000-0019,鳳山街友服務中心,縣市,高雄市,鳳山區,高雄市政府社會局街友業務承辦人,07-3368333*2060~2062,07-3368333*2060~2062,高雄市政府社會局,范俊賢主任,07-7190895,07-7190895,830,高雄市,鳳山區,,博愛路477巷18號,鳳山街友中心服務區域之街友,32 ,"■風水災
■地震
■海嘯
■其他"
19,SE803-0001,高雄市鹽埕國小,公所,高雄市,鹽埕區,區公所災民避難收容業務承辦人,5513004轉233,5513004轉233,鹽埕區公所,林貴芬,5210626*110,5210626*110,803,高雄市,鹽埕區,江南里,五福四路183號,中山、新樂、教仁、河濱、港都、江西、新豐、陸橋、瀨南、新化、江南里,100 ,"■風水災
■地震
■海嘯
□其他"
20,SE803-0002,高雄市光榮國小,公所,高雄市,鹽埕區,區公所災民避難收容業務承辦人,5513004轉233,5513004轉233,鹽埕區公所,閆世玲,5218625,5218625,803,高雄市,鹽埕區,沙地里,大智路150號,育仁、沙地、南端里,200 ,"■風水災
■地震防空避難室可收容100人)
■海嘯
□其他"
21,SE803-0003,高雄市鹽埕國中,公所,高雄市,鹽埕區,區公所災民避難收容業務承辦人,5513004轉233,5513004轉233,鹽埕區公所,蔡智文,5517524,5517524,803,高雄市,鹽埕區,育仁里,新樂街46號,藍橋、慈愛、博愛、壽星、中原、光明里、府北,600 ,"■風水災
■地震
■海嘯
□其他
"
22,SE803-0004,高雄市忠孝國小(備用),公所,高雄市,鹽埕區,區公所災民避難收容業務承辦人,5513004轉233,5513004轉233,鹽埕區公所,楊頌平,551-4887#310,551-4887#310,803,高雄市,鹽埕區,河濱里,大智路71號,全區,563 ,"■風水災
■地震
■海嘯
□其他
"
23,SE803-0005,鹽埕區公所11樓大禮堂,公所,高雄市,鹽埕區,區公所災民避難收容業務承辦人,5513004轉233,5513004轉233,鹽埕區公所,顏賜山,5513316-100,5513316-100,803,高雄市,鹽埕區,光明里,大仁路6號8樓,全區（小型災害優先開設）,50 ,"■風水災
■地震
■海嘯
□其他
"
24,SE804-0001,高雄市鼓山國小,公所,高雄市,鼓山區,區公所災民避難收容業務承辦人,5618354,5618354,鼓山區公所,總務主任,5217795,5217795,804,高雄市,鼓山區,惠安里,臨海二路50號,登山、壽山、維生、麗興、哨船頭、峰南、延平、新民、惠安里、桃源,300 ,"■風水災
■地震
■海嘯
□其他
"
25,SE804-0002,高雄市鼓岩國小,公所,高雄市,鼓山區,區公所災民避難收容業務承辦人,5618354,5618354,鼓山區公所,總務主任,5515513,5515513,804,高雄市,鼓山區,河邊里,河邊街155號,鼓岩、樹德、河邊、寶樹、綠川、興宗、光化、厚生、山下里,200 ,"■風水災
■地震
■海嘯
□其他
"
26,SE804-0003,高雄市中山國小,公所,高雄市,鼓山區,區公所災民避難收容業務承辦人,5618354,5618354,鼓山區公所,事務組長,5827585-31,5827585-31,804,高雄市,鼓山區,雄峰里,雄峰路18號,鼓峰、雄峰、前峰、民族、自強里,700 ,"■風水災
■地震
■海嘯
□其他
"
27,SE804-0004,高雄市內惟國小,公所,高雄市,鼓山區,區公所災民避難收容業務承辦人,5618354,5618354,鼓山區公所,事務組長,5515405-31,5515405-31,804,高雄市,鼓山區,建國里,內惟路73號,內惟、建國、光榮、忠正、龍井、民強、平和、正德里,150 ,"■風水災
■地震
■海嘯
□其他
"
28,SE804-0005,高雄市龍華國小,公所,高雄市,鼓山區,區公所災民避難收容業務承辦人,5618354,5618354,鼓山區公所,總務主任,5553086-31,5553086-31,804,高雄市,鼓山區,龍子里,大順一路858號,裕興、華豐、裕豐、明誠、龍水、龍子里,250 ,"■風水災
■地震
■海嘯
□其他
"
29,SE804-0007,鼓山區行政中心七樓大禮堂,公所,高雄市,鼓山區,區公所災民避難收容業務承辦人,5618354,5618354,鼓山區公所,袁區長德明,5311191,5311191,804,高雄市,鼓山區,寶樹里,鼓山二路166號,全區（優先開設）,20 ,"■風水災
■地震
■海嘯
■其他
"
30,SE813-0001,高雄市新莊高中,公所,高雄市,左營區,區公所災民避難收容業務承辦人,5831115,5831115,左營區公所,王主任博熙,3420103,0937622122,813,高雄市,左營區,福山里,文慈路99號,祥和、屛山、福山,720 ,"■風水災
■地震
■海嘯
■其他
"
31,SE813-0002,高雄市海青工商,公所,高雄市,左營區,區公所災民避難收容業務承辦人,5831115,5831115,左營區公所,陳教官主衛,5819155,0919190573,813,高雄市,左營區,自助里,左營大路1號,明建、崇實、自助、合群、尾西、頂北、廍北、果貿、果峰、果惠,100 ,"■風水災
■地震
■海嘯
■其他
"
32,SE813-0003,高雄市大義國中,公所,高雄市,左營區,區公所災民避難收容業務承辦人,5831115,5831115,左營區公所,黃主任翠蓮,5820191,0921265973,813,高雄市,左營區,埤東里,翠華路687號,尾北、中南、埤北、埤東、新上、新下里,50 ,"■風水災
■地震
■海嘯
■其他
"
33,SE813-0004,高雄新莊天后宮,公所,高雄市,左營區,區公所災民避難收容業務承辦人,5831115,5831115,左營區公所,洪主委春基,3410080,3410080,813,高雄市,左營區,新中里,重清路278巷51號,新上、新下里,120 ,"■風水災
■地震
■海嘯
■其他
"
34,SE813-0005,啟明堂（備用）,公所,高雄市,左營區,區公所災民避難收容業務承辦人,5831115,5831115,左營區公所,洪總幹事俊義,5816216,5816216,813,高雄市,左營區,埤東里,蓮潭路36號,聖西、聖南、聖后、中北、頂西、埤西,100 ,"■風水災
■地震
■海嘯
■其他
"
35,SE813-0006,菜公豐谷宮（備用）,公所,高雄市,左營區,區公所災民避難收容業務承辦人,5831115,5831115,左營區公所,施主委清山,3455059,3455059,813,高雄市,左營區,菜公里,菜公一路91號,菜公里,50 ,"■風水災
■地震
■海嘯
■其他
"
36,SE813-0007,護安寺,公所,高雄市,左營區,區公所災民避難收容業務承辦人,5831115,5831115,左營區公所,林主委天生,5832184,5832184,813,高雄市,左營區,中南里,蓮潭路116號,廟東、廟北、尾南、路東、廍南、廍北、城南,100 ,"■風水災
■地震
■海嘯
■其他
"
37,SE813-0008,高雄市新光國小,公所,高雄市,左營區,區公所災民避難收容業務承辦人,5831115,5831115,左營區公所,許主任志良,3438577,0911606127,813,高雄市,左營區,新光里,華夏路800號,新光里,200 ,"■風水災
■地震
■海嘯
■其他
"
38,SE813-0009,高雄市新莊國小,公所,高雄市,左營區,區公所災民避難收容業務承辦人,5831115,5831115,左營區公所,包智淵,3411373,0929716533,813,高雄市,左營區,新中里,自由三路1號,新中,500 ,"■風水災
■地震
■海嘯
■其他
"
39,SE813-0010,高雄市勝利國小,公所,高雄市,左營區,區公所災民避難收容業務承辦人,5831115,5831115,左營區公所,陳麗卿,5522541#732,5522541#732,813,高雄市,左營區,新下里,南屏路1號,新下,500 ,"■風水災
■地震
■海嘯
■其他
"
40,SE813-0011,高雄市新民國小,公所,高雄市,左營區,區公所災民避難收容業務承辦人,5831115,5831115,左營區公所,李組長星燕,3411888#731,3411888#731,813,高雄市,左營區,菜公里,自由三路478號,菜公,50 ,"■風水災
■地震
■海嘯
■其他
"
41,SE813-0012,左營區公所8樓大禮堂,公所,高雄市,左營區,區公所災民避難收容業務承辦人,5831115,5831115,左營區公所,社會課防災業務承辦,5831115,0928559989,813,高雄市,左營區,進學里,左營大路479號8樓,進學、光輝、莒光(小型災害優先開設),20 ,"■風水災
■地震
■海嘯
■其他
"
42,SE811-0001,高雄市中山高中,公所,高雄市,楠梓區,區公所災民避難收容業務承辦人,3517122,3517122,楠梓區公所,黃琇意,3641116,3641116,811,高雄市,楠梓區,,藍昌路416號,藍田、翠屏、國昌、裕昌、加昌里,361 ,"■風水災
■地震
□海嘯
□其他"
43,SE811-0002,高雄市國昌國中,公所,高雄市,楠梓區,區公所災民避難收容業務承辦人,3517122,3517122,楠梓區公所,王東進,3644300,3644300,811,高雄市,楠梓區,,德民路1010號,國昌、興昌、裕昌、泰昌、仁昌、加昌,100 ,"■風水災
■地震
□海嘯
□其他
"
44,SE811-0003,宏昌等6里聯合活動中心,公所,高雄市,楠梓區,區公所災民避難收容業務承辦人,3517122,3517122,楠梓區公所,王嘉東,3517121,3517121,811,高雄市,楠梓區,,後昌路960巷19號,全區綜合運用,60 ,"■風水災
■地震
□海嘯
□其他
"
45,SE811-0004,楠梓區行政中心7樓大禮堂,公所,高雄市,楠梓區,區公所災民避難收容業務承辦人,3517122,3517122,楠梓區公所,王嘉東,3517121,3517121,811,高雄市,楠梓區,,楠梓新路264號7樓,全區綜合運用,100 ,"■風水災
■地震
□海嘯
□其他
"
46,SE811-0005,高雄市楠梓國小（學生活動中心）,公所,高雄市,楠梓區,區公所災民避難收容業務承辦人,3517122,3517122,楠梓區公所,劉昆靈,3511140,3511140,811,高雄市,楠梓區,,楠梓路262號,惠豐、惠民、惠楠、五常、中陽、金田、稔田、玉屏、瑞屏、享平、東寧、清豐,200 ,"■風水災
■地震
□海嘯
□其他
"
47,SE811-0006,國軍退役官兵輔導委員會高雄榮譽國民之家,公所,高雄市,楠梓區,區公所災民避難收容業務承辦人,3517122,3517122,楠梓區公所,王常錚主任,3652828,3652828,811,高雄市,楠梓區,宏榮里,加昌路631號,轄內安置時需要特別照顧之民眾,17 ,"■風水災
■地震
□海嘯
□其他
"
48,SE811-0007,高雄市翠屏國中小,公所,高雄市,楠梓區,區公所災民避難收容業務承辦人,3517121,3517121,楠梓區公所,葉偉娟,3683018,3683018,811,高雄市,楠梓區,翠屏里,翠屏路135號,翠屏、惠豐、稔田、金田、瑞屏、仁昌、錦屏、玉屏、宏毅、宏南,800 ,"■風水災
■地震
■海嘯
■其他
"
49,SE811-0008,高雄市右昌國小,公所,高雄市,楠梓區,區公所災民避難收容業務承辦人,3517121,3517121,楠梓區公所,陳春美,3612368,3612368,811,高雄市,楠梓區,建昌里,加昌路910號,建昌、隆昌、和昌、大昌、久昌、廣昌、盛昌、福昌、泰昌、秀昌,500 ,"■風水災
■地震
■海嘯
■其他
"
50,SE811-0009,高雄市援中國小,公所,高雄市,楠梓區,區公所災民避難收容業務承辦人,3517121,3517121,楠梓區公所,賴賢貴,3612193,3612193,811,高雄市,楠梓區,中和里,大學26街1150號,中和、中興、藍田、國昌、興昌、盛昌、裕昌、福昌,800 ,"■風水災
■地震
■海嘯
■其他
"
51,SE807-0001,高雄市高雄中學,公所,高雄市,三民區,區公所災民避難收容業務承辦人,3228160轉160,3228160轉160,三民區公所,李定宗,2862550*108,2862550*108,807,高雄市,三民區,建東里,建國三路50號,建東里、博惠里、港新里、長明里、博愛里、港東里、港西里,800 ,"■風水災
■地震
■海嘯
■其他
"
52,SE807-0002,高雄市三民國小,公所,高雄市,三民區,區公所災民避難收容業務承辦人,3228160轉160,3228160轉160,三民區公所,蕭淑珊,2810378#31,0929049946,807,高雄市,三民區,千北里,建國三路216號,千北里、千歲里、鳳北里、鳳南里、德西里、興德里,300 ,"■風水災
■地震
■海嘯
■其他
"
53,SE807-0003,高雄市鼎金國小,公所,高雄市,三民區,區公所災民避難收容業務承辦人,3228160轉160,3228160轉160,三民區公所,蔡啟禎,07-3836330#731,939105433,807,高雄市,三民區,灣成里,鼎山街375號,灣成里、灣子里、灣中里、灣利里、灣勝里、灣復里、灣華里、灣愛里、鼎中里、鼎泰里,1530 ,"■風水災
□地震
■海嘯
■其他
"
54,SE807-0004,高雄市愛國國小,公所,高雄市,三民區,區公所災民避難收容業務承辦人,3228160轉160,3228160轉160,三民區公所,吳國正,3161191,3161191,807,高雄市,三民區,同德里,十全一路1號,同德里、安生里、德仁里、德智里、灣興里,200 ,"■風水災
■地震
■海嘯
■其他
"
55,SE807-0005,高雄市十全國小,公所,高雄市,三民區,區公所災民避難收容業務承辦人,3228160轉160,3228160轉160,三民區公所,李坤璋,3214366*132,3214366*132,807,高雄市,三民區,安邦里,十全二路162號,安邦里、安宜里、安泰里、十全里、十美里、民享里、立業里、立誠里、精華里、德北里、德行里、德東里,100 ,"■風水災
■地震
■海嘯
■其他
"
56,SE807-0006,高雄市正興國小,公所,高雄市,三民區,區公所災民避難收容業務承辦人,3228160轉160,3228160轉160,三民區公所,黃昭仁,07-3845206#734,0919003031,807,高雄市,三民區,寶興里,大豐二路20號,寶興里、寶安里、寶珠里、寶龍里、寶中里、正順里,400 ,"■風水災
■地震
■海嘯
■其他
"
57,SE807-0007,高雄市博愛國小,公所,高雄市,三民區,區公所災民避難收容業務承辦人,3228160轉160,3228160轉160,三民區公所,陳宥樺,07-3110708#32,0936625688,807,高雄市,三民區,安東里,十全一路202號,安東里、安和里、達仁里、達明里、達勇里、達德里,200 ,"■風水災
■地震
■海嘯
■其他
"
58,SE807-0008,高雄市獅湖國小,公所,高雄市,三民區,區公所災民避難收容業務承辦人,3228160轉160,3228160轉160,三民區公所,洪正吉,07-3424782#6031,0972923002,807,高雄市,三民區,鼎盛里,鼎金後路495號,鼎強里、鼎西里、鼎力里、鼎盛里、鼎金里,100 ,"■風水災
■地震
■海嘯
■其他
"
59,SE807-0009,高雄市莊敬國小,公所,高雄市,三民區,區公所災民避難收容業務承辦人,3228160轉160,3228160轉160,三民區公所,許國忠,07-3813210#5311,0983858969,807,高雄市,三民區,本和里,大昌一路200號,本和里、本文里、本館里,300 ,"■風水災
□地震
■海嘯
■其他
"
60,SE807-0010,高雄市民族國小,公所,高雄市,三民區,區公所災民避難收容業務承辦人,3228160轉160,3228160轉160,三民區公所,陳昱琇,07-3860526#831,0953983988,807,高雄市,三民區,安發里,平等路197號,安發里、安吉里、安康里、安寧里、正興里,120 ,"■風水災
■地震
■海嘯
■其他
"
61,SE807-0011,高雄市光武國小,公所,高雄市,三民區,區公所災民避難收容業務承辦人,3228160轉160,3228160轉160,三民區公所,郭威慶,07-3867458#31,919614228,807,高雄市,三民區,寶德里,光武路35號,寶德里、寶民里、寶國里、寶盛里、寶華里、寶業里、寶獅里、寶慶里,320 ,"■風水災
■地震
■海嘯
■其他
"
62,SE807-0012,高雄市東光國小,公所,高雄市,三民區,區公所災民避難收容業務承辦人,3228160轉160,3228160轉160,三民區公所,林群雄,3839350*31,3839350*31,807,高雄市,三民區,本安里,黃興路206號,本安里、本上里、本揚里、本元里,150 ,"■風水災
■地震
■海嘯
■其他
"
63,SE807-0013,高雄市陽明國小,公所,高雄市,三民區,區公所災民避難收容業務承辦人,3228160轉160,3228160轉160,三民區公所,莫立寬,3851916*736,3851916*736,807,高雄市,三民區,寶泰里,義德路52號,寶玉里、寶泰里、本武里,50 ,"■風水災
■地震
■海嘯
■其他
"
64,SE807-0014,高雄市河濱國小,公所,高雄市,三民區,區公所災民避難收容業務承辦人,3228160轉160,3228160轉160,三民區公所,李紋勝,07-2211408#731,937647522,807,高雄市,三民區,立德里,市中一路339號,立德里、力行里、千秋里、裕民里、豐裕里、川東里,400 ,"■風水災
■地震
■海嘯
■其他
"
65,SE807-0015,德智、德仁里活動中心,公所,高雄市,三民區,區公所災民避難收容業務承辦人,3228160轉160,3228160轉160,三民區公所,李明同,07-3214842,937628895,807,高雄市,三民區,德智里,自由一路52號,德智里、德仁里,10 ,"■風水災
■地震
■海嘯
■其他
"
66,SE807-0016,安東、安和、達明聯合里活動中心,公所,高雄市,三民區,區公所災民避難收容業務承辦人,3228160轉160,3228160轉160,三民區公所,張簡玉珠,952392810,952392810,807,高雄市,三民區,安和里,松江街250號（三民公園內）,安東里、安和里、達明里,50 ,"■風水災
■地震
■海嘯
■其他
"
67,SE807-0017,安宜里活動中心,公所,高雄市,三民區,區公所災民避難收容業務承辦人,3228160轉160,3228160轉160,三民區公所,王旺子,3151564,3151564,807,高雄市,三民區,安宜里,自立一路535號,安宜,50 ,"■風水災
■地震
■海嘯
■其他
"
68,SE807-0018,德北、十全、十美聯合里活動中心,公所,高雄市,三民區,區公所災民避難收容業務承辦人,3228160轉160,3228160轉160,三民區公所,謝忠正,3212997,3212997,807,高雄市,三民區,德北里,通化街30巷86號,德北里、十全里、十美里,50 ,"■風水災
■地震
■海嘯
■其他
"
69,SE807-0019,中都地區聯合里活動中心,公所,高雄市,三民區,區公所災民避難收容業務承辦人,3228160轉160,3228160轉160,三民區公所,曾輝石,07-3128598,0926017203,807,高雄市,三民區,川東里,同盟三路442號,力行、川冬、裕民、豐裕、千秋、德西,50 ,"■風水災
■地震
■海嘯
■其他
"
70,SE807-0020,千歲、千北、立德、鳳南聯合里活動中心,公所,高雄市,三民區,區公所災民避難收容業務承辦人,3228160轉160,3228160轉160,三民區公所,林平長,2163089,2163089,807,高雄市,三民區,千歲里,三民街222號,千歲里、千北里、立德里、鳳南里,20 ,"■風水災
■地震
■海嘯
■其他
"
71,SE807-0021,三塊厝聯合里活動中心,公所,高雄市,三民區,區公所災民避難收容業務承辦人,3228160轉160,3228160轉160,三民區公所,陳國欽,2885676,2885676,807,高雄市,三民區,興德里,三民街39-1號,興德里、建東里、鳳北里、港西里,50 ,"■風水災
■地震
■海嘯
■其他
"
72,SE807-0022,寶盛里活動中心,公所,高雄市,三民區,區公所災民避難收容業務承辦人,3228160轉160,3228160轉160,三民區公所,任天霸,07-3869343,0910718595,807,高雄市,三民區,寶盛里,大順陸橋下,寶盛里,10 ,"■風水災
■地震
■海嘯
■其他
"
73,SE807-0023,寶安里活動中心,公所,高雄市,三民區,區公所災民避難收容業務承辦人,3228160轉160,3228160轉160,三民區公所,黃柏澤,3860336,3860336,807,高雄市,三民區,寶安里,覺明路585號,寶安里,10 ,"■風水災
■地震
■海嘯
■其他
"
74,SE807-0024,寶珠溝里活動中心,公所,高雄市,三民區,區公所災民避難收容業務承辦人,3228160轉160,3228160轉160,三民區公所,潘進派,3859911,3859911,807,高雄市,三民區,寶國里,壽昌路2號,寶國里,30 ,"■風水災
■地震
■海嘯
■其他
"
75,SE807-0025,本館里集會所,公所,高雄市,三民區,區公所災民避難收容業務承辦人,3228160轉160,3228160轉160,三民區公所,簡明鎮,3816463,3816463,807,高雄市,三民區,本館里,昌裕街55號,本館里,10 ,"■風水災
■地震
■海嘯
■其他
"
76,SE807-0026,本和里活動中心,公所,高雄市,三民區,區公所災民避難收容業務承辦人,3228160轉160,3228160轉160,三民區公所,莊家銘,07-3811233,0931721781,807,高雄市,三民區,本和里,大和街190號,本和里,30 ,"■風水災
■地震
■海嘯
■其他
"
77,SE807-0027,灣愛里活動中心,公所,高雄市,三民區,區公所災民避難收容業務承辦人,3228160轉160,3228160轉160,三民區公所,李永貴,3831695,3831695,807,高雄市,三民區,灣愛里,大昌一路270巷2號,灣愛里,30 ,"■風水災
■地震
■海嘯
■其他
"
78,SE807-0028,鼎中、鼎力、鼎膝、鼎金、鼎強、鼎盛聯合里活動中心,公所,高雄市,三民區,區公所災民避難收容業務承辦人,3228160轉160,3228160轉160,三民區公所,李來發,07-3425059,0931721701,807,高雄市,三民區,鼎中里,鼎力路125-1號地下1樓,鼎中、鼎力、鼎西、鼎金、鼎強、鼎盛里,80 ,"■風水災
■地震
■海嘯
■其他
"
79,SE807-0029,高雄市三民區公所,公所,高雄市,三民區,區公所災民避難收容業務承辦人,3228160轉160,3228160轉160,三民區公所,羅濟豪,07-3228160#160,0938792383,807,高雄市,三民區,安邦里,哈爾濱街215號9樓,安邦里、安宜里、安泰里、十全里、十美里、民享里、立業里、立誠里、精華里、德北里、德行里、德東里,100 ,"■風水災
■地震
■海嘯
■其他
"
80,SE800-0001,高雄市新興高中,公所,高雄市,新興區,區公所災民避難收容業務承辦人,2368146,2368146,新興區公所,凌子雲,2727127*3010,2727127*3010,800,高雄市,新興區,玉衡里,五福二路218號,東坡、漢民、蕉園、德政、華聲、仁聲、玉衡、振成、振華里,500 ,"■風水災
■地震
■海嘯
■其他
"
81,SE800-0002,高雄市大同國小,公所,高雄市,新興區,區公所災民避難收容業務承辦人,2368146,2368146,新興區公所,曾秀玉,2823039*31,2823039*31,800,高雄市,新興區,榮治里,大同一路231號,榮治、大明、明莊、秋山、長驛里,617 ,"■風水災
■地震
■海嘯
■其他
"
82,SE800-0003,高雄市七賢國小,公所,高雄市,新興區,區公所災民避難收容業務承辦人,2368146,2368146,新興區公所,李信興,2351150*813,2351150*813,800,高雄市,新興區,中東里,七賢一路393號,南港、成功、新江、黎明、愛平、建興、建華,300 ,"■風水災
■地震
■海嘯
■其他
"
83,SE800-0004,高雄市高雄高商,公所,高雄市,新興區,區公所災民避難收容業務承辦人,2368146,2368146,新興區公所,黃馨德,2269975*1411,2269975*1411,800,高雄市,新興區,浩然里,五福二路3號,浩然、德生、永寧、正氣里,1036 ,"■風水災
■地震
■海嘯
■其他
"
84,SE800-0005,高雄市信義國小,公所,高雄市,新興區,區公所災民避難收容業務承辦人,2368146,2368146,新興區公所,黃俊傑,2365163*31,2365163*31,800,高雄市,新興區,興昌里,中正三路32號,順昌、文昌、開平、興昌、中東、光耀、德望里,1090 ,"■風水災
■地震
■海嘯
■其他
"
85,SE801-0006,高雄市高雄女中,公所,高雄市,前金區,區公所災民避難收容業務承辦人,2512090,2512090,前金區公所,黃秀霞,2115418,2115418,801,高雄市,前金區,博孝里,五福三路122號,博孝、社西、國民、社東、、文東、文西、榮復、長生里,1163 ,"■風水災
■地震
■海嘯
■其他
"
86,SE801-0007,高雄市前金國中,公所,高雄市,前金區,區公所災民避難收容業務承辦人,2512090,2512090,前金區公所,蔡月梅,2725981,2725981,801,高雄市,前金區,後金里,六合二路278號,新生、後金、北金、民生、復元、林投里,1027 ,"■風水災
■地震
■海嘯
■其他
"
87,SE801-0008,高雄市建國國小,公所,高雄市,前金區,區公所災民避難收容業務承辦人,2512090,2512090,前金區公所,劉秋珍,2860128,2860128,801,高雄市,前金區,草江里,自立二路111號,長興、草江、東金、青山、三川、長城里,300 ,"■風水災
■地震
■海嘯
■其他
"
88,SE801-0009,前金區公所5樓大禮堂,公所,高雄市,前金區,區公所災民避難收容業務承辦人,2512090,2512090,前金區公所,陳進德,2723133*101,2723133*101,801,高雄市,前金區,林投里,自強二路169號三、四樓,全區(小型災害優先開設),25 ,"■風水災
□地震
□海嘯
□其他"
89,SE801-0010,高雄市立前金國小,公所,高雄市,前金區,區公所災民避難收容業務承辦人,2512090,2512090,前金區公所,楊勝任,07-2829001,07-2829001,801,高雄市,前金區,國民里,大同二路61號,全區綜合運用（主要服務：林投、民生、國民、復元）,150 ,"■風水災
■地震
■海嘯
■其他
"
90,SE802-0001,高雄市大仁國中,公所,高雄市,苓雅區,區公所災民避難收容業務承辦人,3322351轉2531,3322351轉2531,苓雅區公所,梁楹佳,7114302*30,7114302*30,802,高雄市,苓雅區,五福里,建國一路148號,民主、五全、安詳、五福、正言、正文、正大、正心、正道、正仁、正義、文昌、建軍、衛武,672 ,"■風水災
■地震
■海嘯
■其他
"
91,SE802-0002,高雄市福東國小,公所,高雄市,苓雅區,區公所災民避難收容業務承辦人,3322351轉2531,3322351轉2531,苓雅區公所,粘東玉,7510048*132,7510048*132,802,高雄市,苓雅區,福祥里,福德三路96號,尚義、中正、林南、林泉、林中、林西、林興、林華、林德、林貴、林榮、林靖、凱旋、同慶、英明、福南、福隆、福壽、福祥、福海、福康、福西、福人、福地、福居、福東、奏捷、朝陽、光華、永康,1086 ,"■風水災
■地震
■海嘯
■其他
"
92,SE802-0003,高雄市苓洲國小,公所,高雄市,苓雅區,區公所災民避難收容業務承辦人,3322351轉2531,3322351轉2531,苓雅區公所,宋宗樺,3351804*310,3351804*310,802,高雄市,苓雅區,城西里,四維四路61號,博仁、苓洲、苓昇、苓中、苓雅、苓東、田西、鼓中、城北、城西、城東、意誠、人和、仁政、廣澤、美田、華堂、和煦、日中、晴朗、普照、林安、林圍、林富、普天,854 ,"■風水災
■地震
■海嘯
■其他
"
93,SE802-0004,高雄市苓雅區成功國小,公所,高雄市,苓雅區,區公所災民避難收容業務承辦人,3322351轉2531,3322351轉2531,苓雅區公所,洪瑞遠,3341882-31,0929-015096,802,高雄市,苓雅區,,華新街59號,苓中、苓昇、苓東、苓洲、苓雅、博仁里,100 ,"■風水災
■地震
■海嘯
■其他"
94,SE802-0005,高雄市立英明國中,公所,高雄市,苓雅區,區公所災民避難收容業務承辦人,3322351轉2531,3322351轉2531,苓雅區公所,總務組,7150949,,802,高雄市,苓雅區,,英明路147號,全區綜合調度,500 ,"■風水災
■地震
■海嘯
■其他"
95,SE802-0006,高雄市立五權國小,公所,高雄市,苓雅區,區公所災民避難收容業務承辦人,3322351轉2531,3322351轉2531,苓雅區公所,總務組,7511074,,802,高雄市,苓雅區,,三多二路100號,全區綜合調度,500 ,"■風水災
■地震
■海嘯
■其他"
96,SE806-0001,高雄市獅甲國中,公所,高雄市,前鎮區,區公所災民避難收容業務承辦人,8215176轉179,8215176轉179,前鎮區公所,游肇賢,3331522,3331522,806,高雄市,前鎮區,建隆里,中山三路43號,"鎮北、忠純、忠誠里
",618 ,"■風水災
■地震
■海嘯
■其他
"
97,SE806-0002,高雄市瑞豐國小,公所,高雄市,前鎮區,區公所災民避難收容業務承辦人,8215176轉179,8215176轉179,前鎮區公所,洪碧珠,7110846,7110846,806,高雄市,前鎮區,瑞華里,瑞隆路100號,"瑞誠、瑞興、瑞西里
",1781 ,"■風水災
■地震
■海嘯
■其他
"
98,SE806-0003,高雄市興仁國中,公所,高雄市,前鎮區,區公所災民避難收容業務承辦人,8215176轉179,8215176轉179,前鎮區公所,李東實,8218119,8218119,806,高雄市,前鎮區,興仁里,德昌路345號,"鎮海、信德、明孝、草衙、明義、明禮、明正里
",945 ,"■風水災
■地震
■海嘯
■其他
"
99,SE806-0004,高雄市立光華國中,公所,高雄市,前鎮區,區公所災民避難收容業務承辦人,8215176轉179,8215176轉179,前鎮區公所,總務組,7222622,7222622,806,高雄市,前鎮區,竹東里,和平二路170號,全區綜合運用,600 ,"■風水災
■地震
■海嘯
■其他
"
100,SE806-0005,高雄市立光華國小,公所,高雄市,前鎮區,區公所災民避難收容業務承辦人,8215176轉179,8215176轉179,前鎮區公所,總務組,7222846,7222846,806,高雄市,前鎮區,竹中里,廣西路57號,全區綜合運用,300 ,"■風水災
■地震
■海嘯
■其他
"
101,SE806-0006,高雄市立樂群國小,公所,高雄市,前鎮區,區公所災民避難收容業務承辦人,8215176轉179,8215176轉179,前鎮區公所,總務組,7225846,7225846,806,高雄市,前鎮區,竹內里,育樂路61號,全區綜合運用,300 ,"■風水災
■地震
■海嘯
■其他
"
102,SE806-0007,高雄市立中正高工,公所,高雄市,前鎮區,區公所災民避難收容業務承辦人,8215176轉179,8215176轉179,前鎮區公所,總務組,7232301,7232301,806,高雄市,前鎮區,竹西里,光華二路80號,全區綜合運用,1000 ,"■風水災
■地震
■海嘯
■其他
"
103,SE806-0008,高雄市竹西里活動中心,公所,高雄市,前鎮區,區公所災民避難收容業務承辦人,8215176轉179,8215176轉179,前鎮區公所,前鎮區公所,8215176,8215176,806,高雄市,前鎮區,竹西里,廣東三街73號3樓,全區綜合運用,100 ,"■風水災
■地震
■海嘯
■其他
"
104,SE805-0001,高雄市旗津國中,公所,高雄市,旗津區,區公所災民避難收容業務承辦人,5712500轉239,5712500轉239,旗津區公所,洪瑞振,5714595*31,5714595*31,805,高雄市,旗津區,南汕里,中洲二路207號,實踐、北汕、南汕里,600 ,"■風水災
■地震
■海嘯
■其他
"
105,SE805-0002,高雄市大汕國小,公所,高雄市,旗津區,區公所災民避難收容業務承辦人,5712500轉239,5712500轉239,旗津區公所,廖國樑,5712434*31,5712434*31,805,高雄市,旗津區,南汕里,中洲二路203號,南汕、上竹,218 ,"■風水災
■地震
■海嘯
■其他
"
106,SE805-0003,高雄市旗津國小,公所,高雄市,旗津區,區公所災民避難收容業務承辦人,5712500轉239,5712500轉239,旗津區公所,黃俊鴻,5715133*731,5715133*731,805,高雄市,旗津區,慈愛里,中洲三路623號,旗下、永安、振興、慈愛、中華、復興里,120 ,"■風水災
■地震
■海嘯
■其他
"
107,SE805-0004,高雄市中洲國小,公所,高雄市,旗津區,區公所災民避難收容業務承辦人,5712500轉239,5712500轉239,旗津區公所,林義良,5712225*731,5712225*731,805,高雄市,旗津區,上竹里,旗津二路275號,上竹、中洲、安順、中興,600 ,"■風水災
■地震
■海嘯
■其他
"
108,SE805-0005,高雄市旗津區公所5樓大禮堂,公所,高雄市,旗津區,區公所災民避難收容業務承辦人,5712500轉239,5712500轉239,旗津區公所,蔡奇霖,5712500*239,5712500*239,805,高雄市,旗津區,南汕里,旗津三路2號5樓,南汕、北汕、實踐、上竹里,250 ,"■風水災
■地震
■海嘯
■其他
"
109,SE812-0001,高雄市二苓國小,公所,高雄市,小港區,區公所災民避難收容業務承辦人,8122260轉217.218,8122260轉217.218,小港區公所,凃棟隆,8016837*31,8016837*31,812,高雄市,小港區,二苓里,立群路6號,二苓、三苓、大苓、店鎮、鳳林、鳳宮、鳳源、鳳興,1000 ,"▓風水災
▓地震
▓海嘯
▓其他
"
110,SE812-0002,高雄市港和國小,公所,高雄市,小港區,區公所災民避難收容業務承辦人,8122260轉217.218,8122260轉217.218,小港區公所,鄭琦蓉,8131506*31,8131506*31,812,高雄市,小港區,港南里,平和南路300號,港興、港口、小港、港正、港后、港明、港南、港墘,250 ,"▓風水災
▓地震
▓海嘯
▓其他
"
111,SE812-0003,高雄市華山國小,公所,高雄市,小港區,區公所災民避難收容業務承辦人,8122260轉217.218,8122260轉217.218,小港區公所,黃志中,8062280*731,8062280*731,812,高雄市,小港區,山明里,華仁街1號,山明、山東、六苓、正苓、宏亮、青島、泰山、順苓、濟南,901 ,"▓風水災
▓地震
▓海嘯
▓其他
"
112,SE812-0004,明義國小,公所,高雄市,小港區,區公所災民避難收容業務承辦人,8122260轉217.218,8122260轉217.218,小港區公所,夏紹彰,7917035*100,7917035*100,812,高雄市,小港區,孔宅里,明義街77號,中厝、孔宅、合作、桂林、廈莊,200 ,"▓風水災
▓地震
▓海嘯
▓其他
"
113,SE812-0005,"高雄市餐旅
國中",公所,高雄市,小港區,區公所災民避難收容業務承辦人,8122260轉217.218,8122260轉217.218,小港區公所,謝福財,8060705#31,8060705#31,812,高雄市,小港區,山明里,松和路40號,大坪、坪頂、松山、松金、高松、鳳森、鳳鳴、龍鳳,200 ,"▓風水災
▓地震
▓海嘯
▓其他
"
114,SE830-0001,鳳山區公所大禮堂,公所,高雄市,鳳山區,區公所災民避難收容業務承辦人,7422111,7422111,鳳山區公所,社會課長,07-7422111轉390,07-7422111轉390,830,高雄市,鳳山區,縣口里,經武路30號,"全區(主要以新興、光明、瑞興、瑞竹、誠德、東門、鳳東、曹公、三民、國泰、興仁、合興里等易淹水潛勢區里別收容為主)
",200 ,"■風水災
■地震
■海嘯
■其他
"
115,SE830-0002,基督教鳳山長老教會,公所,高雄市,鳳山區,區公所災民避難收容業務承辦人,7422111,7422111,鳳山區公所,陳黛玉,7422111*391,7422111*391,830,高雄市,鳳山區,光明里,中正路172號,全區（主要以新興、光明、瑞興、東門、鳳冬、曹公、三民、國泰、興仁、和興等易淹水潛勢區里別收容為主）,150 ,"■風水災
■地震
■海嘯
■其他
"
116,SE830-0003,北辰宮（備用）,公所,高雄市,鳳山區,區公所災民避難收容業務承辦人,7422111,7422111,鳳山區公所,陳黛玉,7422111*391,7422111*391,830,高雄市,鳳山區,鎮北里,北辰街1號,鎮北、武松、北門、文華、忠誠、文英、文山,100 ,"■風水災
■地震
■海嘯
■其他
"
117,SE830-0004,龍成宮（備用）,公所,高雄市,鳳山區,區公所災民避難收容業務承辦人,7422111,7422111,鳳山區公所,陳黛玉,7422111*391,7422111*391,830,高雄市,鳳山區,鎮南里,五甲二路730巷6號,全區調度,10 ,"■風水災
■地震
■海嘯
■其他
"
118,SE830-0005,鳳西國小,公所,高雄市,鳳山區,吳聖文,7422111*370,958769092,鳳西國小總務處,黃明華,7417655#40,937909326,83060,高雄市,鳳山區,和興里,光華東路100號,和興、和德里,1000 ,"■風水災
□地震
□海嘯
□其他_____"
119,SE830-0006,鳳山國小行政大樓、忠孝大樓地下室,公所,高雄市,鳳山區,吳聖文,7422111*370,958769092,鳳山國小總務處,洪正松,7419119#41,952505868,83058,高雄市,鳳山區,興仁、興中、成功里,中山路231號,興仁、興中、協和、成功里,600 ,"■風水災
□地震
□海嘯
□其他_____"
120,SE830-0007,文德國小,公所,高雄市,鳳山區,吳聖文,7422111*370,958769092,文德國小總務處,吳佳儒,7768723#41,938090636,830,高雄市,鳳山區,文德里,文衡路356號,文山、文英、文德里,250 ,"■風水災
□地震
□海嘯
□其他_____"
121,SE830-0008,鳳山國中,公所,高雄市,鳳山區,吳聖文,7422111*370,958769092,鳳山國中總務處,曾宏定(校長),7462774#100,937323232,83065,高雄市,鳳山區,瑞竹里,中山東路227號,瑞竹、中正、鳳東、誠德、誠智、誠信里,200 ,"■風水災
■地震
□海嘯
□其他_____"
122,SE830-0009,青年國中,公所,高雄市,鳳山區,吳聖文,7422111*370,958769092,青年國中總務處,黃紘玉,7190419#31,920602108,830,高雄市,鳳山區,忠孝里,青年路二段89號,忠孝、文福、鎮西里,376 ,"■風水災
■地震
□海嘯
□其他_____"
123,SE830-0010,瑞興國小,公所,高雄市,鳳山區,吳聖文,7422111*370,958769092,瑞興國小總務處,潘清富,7429803#10,912119448,83051,高雄市,鳳山區,瑞興里,博愛路271號,瑞興、北門里,100 ,"■風水災
■地震
□海嘯
□其他_____"
124,SE830-0011,福誠高中,公所,高雄市,鳳山區,吳聖文,7422111*370,958769092,福誠高中總務處,朱建華,8224646#400,987902461,830,高雄市,鳳山區,福誠里,五甲三路176號,福誠、福祥、五福里,400 ,"■風水災
■地震
□海嘯
□其他_____"
125,SE830-0012,鳳甲國中,公所,高雄市,鳳山區,吳聖文,7422111*370,958769092,鳳甲國中總務處,蘇柏愷,7675300#31,912055253,830,高雄市,鳳山區,新強里,輜汽路300號,新強、新富里,120 ,"■風水災
■地震
□海嘯
□其他_____"
126,SE830-0013,文華國小活動中心,公所,高雄市,鳳山區,吳聖文,7422111*370,958769092,文華國小總務處,尤文泰,7450949,928751522,830,高雄市,鳳山區,文華里,文化路52號,文華、文福、文衡里,120 ,"■風水災
■地震
□海嘯
□其他_____"
127,SE830-0014,五甲國中羽球館3樓,公所,高雄市,鳳山區,吳聖文,7422111*370,958769092,五甲國中總務處,崔偉凡,8319676,933464497,830,高雄市,鳳山區,龍成里,龍成路111號,鎮南、龍成、善美、富甲里,300 ,"■風水災
■地震
□海嘯
□其他_____"
128,SE830-0015,鳳翔國小活動中心,公所,高雄市,鳳山區,吳聖文,7422111*370,958769092,鳳翔國小總務處,林裕斌,7422751#40,958339968,83094,高雄市,鳳山區,二甲里,鳳育路63號,二甲、保安、龍成里,1000 ,"■風水災
■地震
■海嘯
□其他_____"
129,SE830-0016,新甲國小,公所,高雄市,鳳山區,吳聖文,7422111*370,958769092,新甲國小總務處,侯俊榮,7668170#40,953411753,830,高雄市,鳳山區,新甲里,新富路255號,新甲、新強、新泰、新武、新樂、武漢、武慶里,400 ,"■風水災
■地震
□海嘯
□其他_____"
130,SE830-0017,鳳山高中中山堂,公所,高雄市,鳳山區,吳聖文,7422111*370,958769092,鳳山高中總務處,余欣欣,7463150#430,911086955,83025,高雄市,鳳山區,忠孝里,光復路二段130號,忠孝、忠義、中和、鎮西里,200 ,"■風水災
■地震
□海嘯
□其他_____"
131,SE830-0018,過埤國小,公所,高雄市,鳳山區,吳聖文,7422111*370,958769092,過埤國小總務處,郭淑娥,7920257#740,910674847,83093,高雄市,鳳山區,過埤里,過埤路176號,過埤、保安里,150 ,"■風水災
■地震
□海嘯
□其他_____"
132,SE830-0019,中正國小,公所,高雄市,鳳山區,吳聖文,7422111*370,958769092,中正國小總務處,蔡翠萍,7012831#131,928308166,830,高雄市,鳳山區,埤頂里,勝利路2號,埤頂、東門、鳳東里,120 ,"□風水災
□地震
■海嘯
□其他_____"
133,SE830-0020,南成國小,公所,高雄市,鳳山區,吳聖文,7422111*370,958769092,南成國小總務處,簡伯陞,8215354#40,912770216,830,高雄市,鳳山區,南成里,南和街101號,南成、南和、大德、天興、富榮里,100 ,"■風水災
■地震
□海嘯
□其他_____"
134,SE830-0021,福誠國小,公所,高雄市,鳳山區,吳聖文,7422111*370,958769092,福誠國小總務處,安翊之,8120152#40,936813287,830,高雄市,鳳山區,福誠里,忠誠路145號,福誠、福祥、五福、福興里,500 ,"■風水災
■地震
□海嘯
□其他_____"
135,SE830-0022,中崙國中,公所,高雄市,鳳山區,吳聖文,7422111*370,958769092,中崙國中總務處,江文雄,7538686#173,937172173,830,高雄市,鳳山區,中榮里,中崙二路487號,中榮、中民、誠義里,50 ,"■風水災
■地震
□海嘯
□其他_____"
136,SE830-0023,正義國小,公所,高雄市,鳳山區,吳聖文,7422111*370,958769092,正義國小總務處,張秋麗,7714440#40,922482067,830,高雄市,鳳山區,正義里,南昌街55號,正義、一甲、老爺、保安里,1000 ,"■風水災
□地震
□海嘯
■其他防空避難"
137,SE832-0001,林園區長青活動中心,公所,高雄市,林園區,區公所災民避難收容業務承辦人,6412511,6412511,林園區公所,黃柏豪,07-6412511*309,07-6412511*309,832,高雄市,林園區,林園里,林園北路191號,全區,260 ,"■風水災
■地震
■海嘯
■其他
"
138,SE832-0002,林園高中活動中心,公所,高雄市,林園區,區公所災民避難收容業務承辦人,6412511,6412511,林園區公所,陳怡仁,07-6412059,0935455806,832,高雄市,林園區,林園里,林園北路481號,全區,110 ,"■風水災
■地震
■海嘯
■其他
"
139,SE832-0003,林園國小活動中心,公所,高雄市,林園區,區公所災民避難收容業務承辦人,6412511,6412511,林園區公所,林錦崑,07-6420091,07-6420091,832,高雄市,林園區,林園里,忠孝西路27號,全區,150 ,"■風水災
■地震
■海嘯
■其他
"
140,SE832-0004,中芸國小活動中心,公所,高雄市,林園區,區公所災民避難收容業務承辦人,6412511,6412511,林園區公所,陳泱澤,07-6412342#40,0972607312,832,高雄市,林園區,中芸里,中芸路1號,全區,60 ,"□風水災
■地震
□海嘯
□其他
"
141,SE832-0005,高雄市林園區王公國小,公所,高雄市,林園區,區公所災民避難收容業務承辦人,6412511,6412511,林園區公所,邱明智,7861274,0922917316,832,高雄市,林園區,廣應里,王公二路100號,全區,300 ,"■風水災
■地震
■海嘯
■其他
"
142,SE832-0006,高雄市林園區汕尾國小,公所,高雄市,林園區,區公所災民避難收容業務承辦人,6412511,6412511,林園區公所,陳谷庭,07-3719971,0937470676,832,高雄市,林園區,北汕里,北汕路58巷2號,全區,800 ,"■風水災
■地震
□海嘯
□其他_____"
143,SE832-0007,高雄市林園區港埔國小,公所,高雄市,林園區,區公所災民避難收容業務承辦人,6412511,6412511,林園區公所,張二文,07-2245398,0953399101,832,高雄市,林園區,頂厝里,校前路1號,全區,50 ,"■風水災
■地震
□海嘯
□其他_____"
144,SE832-0008,中芸國中,公所,高雄市,林園區,區公所災民避難收容業務承辦人,6412511,6412511,林園區公所,何俊儀,07-6425223#40,07-6425223#40,832,高雄市,林園區,中芸里,中芸路3-100號,全區,50 ,"■風水災
■地震
□海嘯
□其他_____"
145,SE831-0002,大寮幼兒園,公所,高雄市,大寮區,區公所災民避難收容業務承辦人,7813041轉136,7813041轉136,大寮區公所,李麗華,7877409,0919192927,831,高雄市,大寮區,上寮里,上寮路208之25號,上寮里,150 ,"■風水災
■地震
■海嘯
■其他
"
146,SE831-0003,高雄市大寮區永芳國小,公所,高雄市,大寮區,區公所災民避難收容業務承辦人,7813041轉136,7813041轉136,大寮區公所,顏雅莉,7812814轉40,0928740340,831,高雄市,大寮區,永芳里,鳳林三路499號,永芳里、三隆里、會社里、內坑里、拷潭里,600 ,"■風水災
■地震
□海嘯
□其他
"
147,SE831-0004,大寮大發公有市場3樓,公所,高雄市,大寮區,區公所災民避難收容業務承辦人,7813041轉136,7813041轉136,大寮區公所,拾景山,7866866,0912715517,831,高雄市,大寮區,會社里,鳳林三路315之22號,以全區為對象以會社里為優先收容安置對象,120 ,"■風水災
■地震
■海嘯
■其他
"
148,SE831-0005,高雄市大寮區中庄國中,公所,高雄市,大寮區,區公所災民避難收容業務承辦人,7813041轉136,7813041轉136,大寮區公所,盧奇男,7033166轉310,0956127393,831,高雄市,大寮區,中庄里,光明路三段1437號,中庄里、江山里,800 ,"■風水災
■地震
■海嘯
■其他
"
149,SE831-0006,高雄市大寮區大寮國中,公所,高雄市,大寮區,區公所災民避難收容業務承辦人,7813041轉136,7813041轉136,大寮區公所,鍾汪宏,7818038,0928742123,831,高雄市,大寮區,永芳里,進學路150號,永芳里,150 ,"■風水災
□地震
■海嘯
■其他
"
150,SE831-0007,高雄市大寮區潮寮國中,公所,高雄市,大寮區,區公所災民避難收容業務承辦人,7813041轉136,7813041轉136,大寮區公所,江振瑞,7879544轉32,0910790354,831,高雄市,大寮區,潮寮里,潮寮路51-9號,過溪里、會結里,60 ,"■風水災
■地震
■海嘯
■其他
"
151,SE831-0008,高雄市大區中庄國小,公所,高雄市,大寮區,區公所災民避難收容業務承辦人,7813041轉136,7813041轉136,大寮區公所,王豪華,7032838轉40,0919876926,,高雄市,大寮區,中庄里,中庄路59號,中庄里,100 ,"■風水災
■地震
□海嘯
■其他
"
152,SE831-0009,高雄市大寮區後庄國小,公所,高雄市,大寮區,區公所災民避難收容業務承辦人,7813041轉136,7813041轉136,大寮區公所,陳福正,7035278,0936979710,831,高雄市,大寮區,後庄里,民揚路28號,後庄里,360 ,"■風水災
■地震
■海嘯
■其他
"
153,SE831-0010,高雄市大寮區忠義國小,公所,高雄市,大寮區,區公所災民避難收容業務承辦人,7813041轉136,7813041轉136,大寮區公所,鄭宿容,7812858轉40,0938782819,,高雄市,大寮區,忠義里,忠義路1號,忠義里、中興里、前庄里,200 ,"■風水災
■地震
■海嘯
■其他
"
154,SE831-0011,高雄市大寮區溪寮國小,公所,高雄市,大寮區,區公所災民避難收容業務承辦人,7813041轉136,7813041轉136,大寮區公所,龔輝基,6516256轉30,0930816597,831,高雄市,大寮區,溪寮里,溪寮路69號,溪寮里、義和里,100 ,"■風水災
■地震
■海嘯
■其他
"
155,SE831-0012,高雄市大寮區翁園國小,公所,高雄市,大寮區,區公所災民避難收容業務承辦人,7813041轉136,7813041轉136,大寮區公所,侯進昇,7811685轉40,0913629275,831,高雄市,大寮區,翁園里,翁園路79號,翁園里、琉球里,400 ,"■風水災
■地震
■海嘯
■其他
"
156,SE831-0013,高雄市大寮區大寮國小,公所,高雄市,大寮區,區公所災民避難收容業務承辦人,7813041轉136,7813041轉136,大寮區公所,陳奇皇,7881062轉40,0988140035,831,高雄市,大寮區,大寮里,大寮路740號,大寮里、上寮里,420 ,"■風水災
■地震
■海嘯
■其他
"
157,SE831-0014,高雄市大寮區山頂國小,公所,高雄市,大寮區,區公所災民避難收容業務承辦人,7813041轉136,7813041轉136,大寮區公所,吳浚碩,7828205轉40,0939351581,831,高雄市,大寮區,山頂里,山頂路211號,山頂里、光武里,200 ,"■風水災
■地震
■海嘯
■其他
"
158,SE831-0015,高雄市大寮區潮寮國小,公所,高雄市,大寮區,區公所災民避難收容業務承辦人,7813041轉136,7813041轉136,大寮區公所,魏恒杰,7875075轉30,0912777174,831,高雄市,大寮區,潮寮里,潮寮路61號,潮寮里,240 ,"■風水災
■地震
■海嘯
■其他
"
159,SE831-0016,高雄市大寮區昭明國小,公所,高雄市,大寮區,區公所災民避難收容業務承辦人,7813041轉136,7813041轉136,大寮區公所,羅婉婷,6426428轉940,0933318122,831,高雄市,大寮區,昭明里,鳳林一路300巷80號,昭明里、義仁里、新厝里,350 ,"■風水災
■地震
■海嘯
■其他
"
160,SE831-0017,義和代天府,公所,高雄市,大寮區,區公所災民避難收容業務承辦人,7813041轉136,7813041轉136,大寮區公所,姚福連,6514033,6514033,831,高雄市,大寮區,義和里,義和路166號,義和里,30 ,"■風水災
■地震
■海嘯
■其他
"
161,SE831-0018,江山里社區活動中心,公所,高雄市,大寮區,區公所災民避難收容業務承辦人,7813041轉136,7813041轉136,大寮區公所,許世川,7016158,0938809200,831,高雄市,大寮區,江山里,江山路51號,江山里,30 ,"■風水災
■地震
■海嘯
■其他
"
162,SE831-0019,溪寮里社區活動中心,公所,高雄市,大寮區,區公所災民避難收容業務承辦人,7813041轉136,7813041轉136,大寮區公所,王基安,6517736,0919625008,,高雄市,大寮區,溪寮里,溪寮路54-1號,溪寮里,60 ,"■風水災
■地震
■海嘯
■其他
"
163,SE831-0020,謝府元帥廟,公所,高雄市,大寮區,區公所災民避難收容業務承辦人,7813041轉136,7813041轉136,大寮區公所,陳正吉,7025519,0910371017,831,高雄市,大寮區,前庄里,前庄路49號,前庄里,50 ,"■風水災
■地震
■海嘯
■其他
"
164,SE831-0021,翁園里社區活動中心,公所,高雄市,大寮區,區公所災民避難收容業務承辦人,7813041轉136,7813041轉136,大寮區公所,林丁貴,7813753,0918450693,831,高雄市,大寮區,翁園里,翁園路79之1號,翁園里,60 ,"■風水災
■地震
■海嘯
■其他
"
165,SE831-0022,武侯宮,公所,高雄市,大寮區,區公所災民避難收容業務承辦人,7813041轉136,7813041轉136,大寮區公所,郭家旺,7817327,7817327,831,高雄市,大寮區,琉球里,琉球路64號,琉球里,200 ,"■風水災
■地震
■海嘯
■其他
"
166,SE831-0023,飛封宮,公所,高雄市,大寮區,區公所災民避難收容業務承辦人,7813041轉136,7813041轉136,大寮區公所,林明祥,0963169191,0963169191,831,高雄市,大寮區,琉球里,巷尾路46號,琉球里,60 ,"■風水災
■地震
■海嘯
■其他
"
167,SE831-0024,黃厝上帝殿,公所,高雄市,大寮區,區公所災民避難收容業務承辦人,7813041轉136,7813041轉136,大寮區公所,黃天得,7819915,0937323393,831,高雄市,大寮區,琉球里,黃厝路35之10號,琉球里,200 ,"■風水災
■地震
■海嘯
■其他
"
168,SE831-0025,後庄老人活動中心,公所,高雄市,大寮區,區公所災民避難收容業務承辦人,7813041轉136,7813041轉136,大寮區公所,黃義荃,7012766,0983728766,831,高雄市,大寮區,後庄里,成功路188號,後庄里,150 ,"■風水災
■地震
■海嘯
■其他
"
169,SE831-0026,忠義里里辦公處2樓,公所,高雄市,大寮區,區公所災民避難收容業務承辦人,7813041轉136,7813041轉136,大寮區公所,邴健鵬,7828959,0935197666,831,高雄市,大寮區,忠義里,商協福利路59-1號,忠義里,20 ,"■風水災
■地震
■海嘯
■其他
"
170,SE831-0027,富翔天廈大樓,公所,高雄市,大寮區,區公所災民避難收容業務承辦人,7813041轉136,7813041轉136,大寮區公所,翁芙蓉,0973806883,0973806883,831,高雄市,大寮區,拷潭里,拷潭路163-1號,拷潭里,70 ,"■風水災
■地震
■海嘯
■其他
"
171,SE831-0028,清山寺,公所,高雄市,大寮區,區公所災民避難收容業務承辦人,7813041轉136,7813041轉136,大寮區公所,邱高統,8901608,8901608,831,高雄市,大寮區,拷潭里,拷潭路126-1號,拷潭里,80 ,"■風水災
■地震
■海嘯
■其他
"
172,SE831-0029,南興代天府,公所,高雄市,大寮區,區公所災民避難收容業務承辦人,7813041轉136,7813041轉136,大寮區公所,黃裕玲,7813058,0935197666,831,高雄市,大寮區,內坑里,內坑路105-1號,內坑里,30 ,"■風水災
■地震
■海嘯
■其他
"
173,SE831-0030,過溪里社區活動中心,公所,高雄市,大寮區,區公所災民避難收容業務承辦人,7813041轉136,7813041轉136,大寮區公所,邱佑龍,7873668,0937987394,831,高雄市,大寮區,過溪里,過溪路130號,過溪里,150 ,"■風水災
■地震
■海嘯
■其他
"
174,SE831-0031,新厝里社區活動中心,公所,高雄市,大寮區,區公所災民避難收容業務承辦人,7813041轉136,7813041轉136,大寮區公所,張簡龍星,7880698,0919425608,831,高雄市,大寮區,新厝里,新三街50號,新厝里,20 ,"■風水災
■地震
■海嘯
■其他
"
175,SE831-0032,光武里社區活動中心,公所,高雄市,大寮區,區公所災民避難收容業務承辦人,7813041轉136,7813041轉136,大寮區公所,李先然,7836672,0912155896,831,高雄市,大寮區,光武里,民生路317-1號,光武里,20 ,"■風水災
■地震
■海嘯
■其他
"
176,SE831-0033,中興里社區活動中心,公所,高雄市,大寮區,區公所災民避難收容業務承辦人,7813041轉136,7813041轉136,大寮區公所,王英美,7811786,0937795156,831,高雄市,大寮區,中興里,文化路2巷2號,中興里,25 ,"■風水災
■地震
■海嘯
■其他
"
177,SE831-0034,山頂里社區活動中心,公所,高雄市,大寮區,區公所災民避難收容業務承辦人,7813041轉136,7813041轉136,大寮區公所,楊秀花,7838787,0928767697,831,高雄市,大寮區,山頂里,山頂路178號,山頂里,250 ,"■風水災
■地震
■海嘯
■其他
"
178,SE831-0035,三隆里社區活動中心,公所,高雄市,大寮區,區公所災民避難收容業務承辦人,7813041轉136,7813041轉136,大寮區公所,林新全,7816192,0910690273,831,高雄市,大寮區,三隆里,正隆街45號,三隆里,40 ,"■風水災
■地震
■海嘯
■其他
"
179,SE831-0036,大寮里社區活動中心,公所,高雄市,大寮區,區公所災民避難收容業務承辦人,7813041轉136,7813041轉136,大寮區公所,陳忠慶,7811786,0937795156,831,高雄市,大寮區,大寮里,大寮路781號,大寮里,150 ,"■風水災
■地震
■海嘯
■其他
"
180,SE831-0037,潮寮老人活動中心,公所,高雄市,大寮區,區公所災民避難收容業務承辦人,7813041轉136,7813041轉136,大寮區公所,吳致慧,7838787,0928767697,831,高雄市,大寮區,潮寮里,潮龍路151號,潮寮里,35 ,"■風水災
■地震
■海嘯
■其他
"
181,SE831-0038,北極宮-會結里社區活動中心,公所,高雄市,大寮區,區公所災民避難收容業務承辦人,7813041轉136,7813041轉136,大寮區公所,黃美華,7870331,0921033040,831,高雄市,大寮區,會結里,會結路14-3號,會結里,100 ,"■風水災
■地震
■海嘯
■其他
"
182,SE831-0039,義仁里社區活動中心,公所,高雄市,大寮區,區公所災民避難收容業務承辦人,7813041轉136,7813041轉136,大寮區公所,陳秀勤,6424162,0919778449,831,高雄市,大寮區,義仁里,鳳林一路48號,義仁里,100 ,"■風水災
■地震
■海嘯
■其他
"
183,SE840-0001,大樹區公所二樓會議室,公所,高雄市,大樹區,區公所災民避難收容業務承辦人,6512003轉135,6512003轉135,大樹區公所,張簡宥榛,6512003轉135,0956026632,840,高雄市,大樹區,檨腳里,中興北路120號,姑山、興山、和山、檨腳、大樹、龍目里,30 ,"▓風水災
▓地震
▓海嘯
▓其他
"
184,SE840-0002,大樹區綜合體育館,公所,高雄市,大樹區,區公所災民避難收容業務承辦人,6512003轉135,6512003轉135,大樹區公所,張簡宥榛,6512003轉135,0956026632,840,高雄市,大樹區,九曲里,九大路639號,竹寮、九曲、久堂、水安、水寮、小坪、井腳里,200 ,"▓風水災
▓地震
▓海嘯
▓其他
"
185,SE840-0003,原大樹鄉民代表會,公所,高雄市,大樹區,區公所災民避難收容業務承辦人,6512003轉135,6512003轉135,大樹區公所,張簡宥榛,6512003轉135,0956026632,840,高雄市,大樹區,檨腳里,中興北路227號,統嶺、興田、溪埔、三和、大坑里,40 ,"▓風水災
▓地震
▓海嘯
▓其他
"
186,SE840-0004,佛光山寺（備用）,公所,高雄市,大樹區,區公所災民避難收容業務承辦人,6512003轉135,6512003轉135,大樹區公所,林利國主任,6561921#1214，1217，1218,6561921#1214，1217，1218,840,高雄市,大樹區,興田里,興田路153號,全區調度備用,500 ,"▓風水災
▓地震
▓海嘯
▓其他
"
187,SE840-0005,高雄東照山關帝廟（備用）,公所,高雄市,大樹區,區公所災民避難收容業務承辦人,6512003轉135,6512003轉135,大樹區公所,吳進財,3725606、3710981,3725606、3710981,840,高雄市,大樹區,小坪里,忠義路1號,全區調度備用,300 ,"▓風水災
▓地震
▓海嘯
▓其他
"
188,SE840-0006,崇聖殿（備用）,公所,高雄市,大樹區,區公所災民避難收容業務承辦人,6512003轉135,6512003轉135,大樹區公所,余清風,6513235,975710080,840,高雄市,大樹區,井腳里,井腳路118號,全區調度備用,200 ,"▓風水災
▓地震
▓海嘯
▓其他
"
189,SE815-0001,大社老人文康中心,公所,高雄市,大社區,區公所災民避難收容業務承辦人,3513309,3513309,大社區公所,柯金雀,3541509、0921248761,3541509、0921248761,815,高雄市,大社區,神農里,金龍路65號,"觀音里、神農里、翠屏里、嘉誠里
",200 ,"▓風水災
▓地震
▓海嘯
▓其他
"
190,SE815-0002,大社國中體育場,公所,高雄市,大社區,區公所災民避難收容業務承辦人,3513309,3513309,大社區公所,潭三白,07-3530100,07-3530100,815,高雄市,大社區,神農里,翠屏路100號,"全區，主要作為地震避難所
",500 ,"▓風水災
▓地震
▓海嘯
▓其他
"
191,SE815-0003,中里社區活動中心,公所,高雄市,大社區,區公所災民避難收容業務承辦人,3513309,3513309,大社區公所,王佐凱,3512410,3512410,815,高雄市,大社區,中里里,文明路10巷3號,"中里里
",70 ,"▓風水災
▓地震
▓海嘯
▓其他
"
192,SE815-0004,大社保安里活動中心,公所,高雄市,大社區,區公所災民避難收容業務承辦人,3513309,3513309,大社區公所,林義萬,3512622,3512622,815,高雄市,大社區,保安里,大社路87-3號,"保安里
",80 ,"▓風水災
▓地震
▓海嘯
▓其他
"
193,SE815-0005,大社中山堂,公所,高雄市,大社區,區公所災民避難收容業務承辦人,3513309,3513309,大社區公所,陳炳祥,07-3513300轉113,07-3513300轉113,815,高雄市,大社區,大社里,大社區自強街1號,"三奶里、大社里、保社里
",150 ,"▓風水災
▓地震
▓海嘯
▓其他
"
194,SE814-0001,仁武區綜合活動中心,公所,高雄市,仁武區,區公所災民避難收容業務承辦人,3727900,3727900,仁武區公所,社會課災民收容業務承辦人,07-3719159    ,07-3719159    ,814,高雄市,仁武區,仁武里,中正路94號,仁武里、文武里、後安里、仁福里,500 ,"■風水災
□地震
■海嘯
■其他
"
195,SE814-0002,大灣國民中學,公所,高雄市,仁武區,區公所災民避難收容業務承辦人,3727900,3727900,仁武區公所,社會課災民收容業務承辦人,07-3719159    ,07-3719159    ,814,高雄市,仁武區,大灣里,仁雄路99號,大灣里、赤山里,500 ,"▓風水災
▓地震
▓海嘯
▓其他
"
196,SE814-0003,灣內國民小學,公所,高雄市,仁武區,區公所災民避難收容業務承辦人,3727900,3727900,仁武區公所,社會課災民收容業務承辦人,07-3719159    ,07-3719159    ,814,高雄市,仁武區,灣內里,仁心路31號,灣內里、考潭里,330 ,"▓風水災
▓地震
▓海嘯
▓其他
"
197,SE814-0004,登發國民小學,公所,高雄市,仁武區,區公所災民避難收容業務承辦人,3727900,3727900,仁武區公所,社會課災民收容業務承辦人,07-3719159    ,07-3719159    ,814,高雄市,仁武區,仁和里,仁忠路191號,仁和里,1815 ,"▓風水災
▓地震
▓海嘯
▓其他
"
198,SE814-0005,八卦國民小學,公所,高雄市,仁武區,區公所災民避難收容業務承辦人,3727900,3727900,仁武區公所,社會課災民收容業務承辦人,07-3719159    ,07-3719159    ,814,高雄市,仁武區,八卦里,永仁街555號,八卦里、五和里,1254 ,"▓風水災
▓地震
▓海嘯
▓其他
"
199,SE814-0006,竹後國民小學,公所,高雄市,仁武區,區公所災民避難收容業務承辦人,3727900,3727900,仁武區公所,社會課災民收容業務承辦人,07-3719159    ,07-3719159    ,814,高雄市,仁武區,竹後里,竹楠路250號,竹後里、中華里,429 ,"▓風水災
▓地震
▓海嘯
▓其他
"
200,SE814-0007,烏林國民小學,公所,高雄市,仁武區,區公所災民避難收容業務承辦人,3727900,3727900,仁武區公所,社會課災民收容業務承辦人,07-3719159    ,07-3719159    ,814,高雄市,仁武區,烏林里,林森巷23號,烏林里,429 ,"▓風水災
▓地震
▓海嘯
▓其他
"
201,SE814-0008,仁武國小,公所,高雄市,仁武區,區公所災民避難收容業務承辦人,3727900,3727900,仁武區公所,社會課災民收容業務承辦人,07-3719159    ,07-3719159    ,814,高雄市,仁武區,仁武里,中正路94號,仁武里、文武里、後安里、仁福里,1782 ,"■風水災
□地震
■海嘯
■其他
"
202,SE814-0009,高楠活動中心,公所,高雄市,仁武區,區公所災民避難收容業務承辦人,3727900,3727900,仁武區公所,社會課災民收容業務承辦人,07-3719159    ,07-3719159    ,814,高雄市,仁武區,高楠里,高楠四街58號,高楠里,200 ,"▓風水災
▓地震
▓海嘯
▓其他
"
203,SE814-0010,仁慈活動中心,公所,高雄市,仁武區,區公所災民避難收容業務承辦人,3727900,3727900,仁武區公所,社會課災民收容業務承辦人,07-3719159    ,07-3719159    ,814,高雄市,仁武區,仁慈里,仁慈路75號,仁慈里,150 ,"▓風水災
▓地震
▓海嘯
▓其他
"
204,SE814-0011,中華里活動中心,公所,高雄市,仁武區,區公所災民避難收容業務承辦人,3727900,3727900,仁武區公所,社會課災民收容業務承辦人,07-3719160,07-3719160,814,高雄市,仁武區,中華里,華園街25號,中華里,100 ,"▓風水災
▓地震
▓海嘯
▓其他
"
205,SE814-0012,仁武里活動中心,公所,高雄市,仁武區,區公所災民避難收容業務承辦人,3751472,3751472,仁武區公所,社會課災民收容業務承辦人,3751472,3751472,814,高雄市,仁武區,仁武里,仁祥街199號,仁武里、後安里、竹後里,500 ,"▓風水災
▓地震
▓海嘯
▓其他
"
206,SE833-0001,鳥松區公所三樓,公所,高雄市,鳥松區,區公所災民避難收容業務承辦人,7314191,7314191,鳥松區公所,社會課承辦人陳彥臻,07-7314191轉117      ,07-7314191轉117      ,833,高雄市,鳥松區,鳥松里,中正路98號,"全區",50 ,"■風水災
■地震
■海嘯
■其他
"
207,SE833-0002,財團法人玄光聖堂(短期收容),公所,高雄市,鳥松區,區公所災民避難收容業務承辦人,7314191,7314191,鳥松區公所,社會課承辦人陳彥臻,7314191*117,7314191*117,833,高雄市,鳥松區,鳥松里,松埔北巷29號之10,全區,172 ,"■風水災
■地震
■海嘯
■其他
"
208,SE833-0003,台灣基督教長老教會仁美教會（短期收容）,公所,高雄市,鳥松區,區公所災民避難收容業務承辦人,7314191,7314191,鳥松區公所,社會課承辦人陳彥臻,7314191,7314191,833,高雄市,鳥松區,仁美里,介壽路14號,全區,20 ,"■風水災
■地震
■海嘯
■其他
"
209,SE833-0004,鳥松國小（備用）,公所,高雄市,鳥松區,區公所災民避難收容業務承辦人,7314191,7314191,鳥松區公所,社會課承辦人陳彥臻,7314191*117,7314191*117,833,高雄市,鳥松區,鳥松里,文前路32號,鳥松、夢裡,50 ,"■風水災
■地震
■海嘯
■其他
"
210,SE833-0005,老人文康活動中心,公所,高雄市,鳥松區,區公所災民避難收容業務承辦人,7314191,7314191,鳥松區公所,社會課承辦人陳彥臻,07-7314191轉117      ,07-7314191轉117      ,833,高雄市,鳥松區,仁美里,仁德路１１號,"仁美里
",150 ,"■風水災
■地震
■海嘯
■其他
"
211,SE833-0006,大華國小,公所,高雄市,鳥松區,區公所災民避難收容業務承辦人,7314191,7314191,鳥松區公所,社會課承辦人陳彥臻,07-7314191轉117      ,07-7314191轉117      ,833,高雄市,鳥松區,大華里,大華路200號,"大華里
",160 ,"■風水災
■地震
■海嘯
■其他
"
212,SE820-0001,原壽天派出所,公所,高雄市,岡山區,區公所災民避難收容業務承辦人,6214193,6214193,岡山區公所,李子龍,07-6214193*152,0922665088,820,高雄市,岡山區,前峰里,公園西路14號,岡山全區民眾,150 ,"■風水災
■地震
■海嘯
■其他
"
213,SE820-0002,壽天國小,公所,高雄市,岡山區,區公所災民避難收容業務承辦人,6214193-152,6214193-152,岡山區公所,蔡英斌,07-6246040-40,0929371988,820,高雄市,岡山區,壽天里,公園東路55號,"                                             岡山全區民眾
",150 ,"■風水災
■地震
■海嘯
■其他
"
214,SE820-0003,岡山國小,公所,高雄市,岡山區,區公所災民避難收容業務承辦人,6214193-152,6214193-152,岡山區公所,蔡典成,6212030-40,0918736006,820,高雄市,岡山區,平安里,柳橋東路36號,岡山全區民眾,200 ,"■風水災
■地震
■海嘯
■其他
"
215,SE820-0004,前峰國小,公所,高雄市,岡山區,區公所災民避難收容業務承辦人,6214193-152,6214193-152,岡山區公所,賴志男,07-6262415-41,0931897036,820,高雄市,岡山區,前峰里,育英路35號,岡山全區民眾,200 ,"■風水災
■地震
■海嘯
■其他
"
216,SE820-0005,岡山區老人活動中心,公所,高雄市,岡山區,區公所災民避難收容業務承辦人,6214193,6214193,岡山區公所,李子龍,07-6214193,0922665088,820,高雄市,岡山區,壽天里,壽天路66號,岡山全區民眾,150 ,"■風水災
■地震
■海嘯
■其他
"
217,SE820-0006,高雄市岡山區竹圍國民小學,公所,高雄市,岡山區,區公所災民避難收容業務承辦人,07-6214193轉152,07-6214193轉152,岡山區公所,陳炳任,07-6233032,0933659621,820,高雄市,岡山區,竹圍里,大仁北路1號,依需求全區調度,200 ,"■風水災
■地震
■海嘯
■其他
"
218,SE820-0007,高雄市岡山區岡山國民中學,公所,高雄市,岡山區,區公所災民避難收容業務承辦人,07-6214193轉152,07-6214193轉152,岡山區公所,黃順霖,07-6212219轉214,0955066237,820,高雄市,岡山區,後紅里,岡燕路238號,依需求全區調度,500 ,"■風水災
■地震
■海嘯
■其他
"
219,SE820-0008,高雄市岡山區前峰中學,公所,高雄市,岡山區,區公所災民避難收容業務承辦人,07-6214193轉152,07-6214193轉152,岡山區公所,林月盛,07-6265568,0921247221,820,高雄市,岡山區,信義里,樹人路1號,依需求全區調度,30 ,"■風水災
■地震
■海嘯
■其他
"
220,SE825-0001,橋頭區公所,公所,高雄市,橋頭區,區公所災民避難收容業務承辦人,6110246,6110246,橋頭區公所,社會課長郭威麟/承辦人張盈利,6110246-121 、6110246-115,6110246-121 、6110246-115,825,高雄市,橋頭區,橋頭里,隆豐路1號,全區收容(淹水潛勢區為筆秀里、德松里、東林里、西林里、芋寮里、頂鹽里等),150 ,"■風水災
■地震
■海嘯
■其他
"
221,SE825-0002,明修善堂（備用）,公所,高雄市,橋頭區,區公所災民避難收容業務承辦人,6110246,6110246,橋頭區公所,主任委員-陳維國,6130591,6130591,825,高雄市,橋頭區,新莊里,仕元路左邊巷126號,全區調度配合,60 ,"■風水災
■地震
■海嘯
■其他
"
222,SE825-0003,五里林明德淨寺（備用）,公所,高雄市,橋頭區,區公所災民避難收容業務承辦人,6110246,6110246,橋頭區公所,主任委員-黃添壕,6114703,6114703,825,高雄市,橋頭區,東林里,里林東路1-1號,全區調度配合,60 ,"■風水災
■地震
■海嘯
■其他
"
223,SE825-0004,德山禪寺（備用）,公所,高雄市,橋頭區,區公所災民避難收容業務承辦人,6110246,6110246,橋頭區公所,住持-釋心茂,6120500,6120500,825,高雄市,橋頭區,三德里,三德路5號,全區調度配合,100 ,"■風水災
■地震
■海嘯
■其他
"
224,SE825-0005,高雄市橋頭國小,公所,高雄市,橋頭區,區公所災民避難收容業務承辦人,6110246*115,0932812225,橋頭國小,孫明輝,6126011#41,919100695,825,高雄市,橋頭區,橋頭里,樹德路200號,全區調度配合,300 ,"■風水災
■地震
■海嘯
■其他
"
225,SE824-0001,燕巢區民眾活動中心,公所,高雄市,燕巢區,區公所災民避難收容業務承辦人,6161411,6161411,燕巢區公所,社會課長蔡嘉鴻/ 承辦人林福村,07-6161411轉170或178     ,07-6161411轉170或178     ,824,高雄市,燕巢區,南燕里,中興路427號,全區（優先開設）,120 ,"■風水災
■地震
■海嘯
■其他
"
226,SE824-0002,燕巢國民中學（備用）,公所,高雄市,燕巢區,區公所災民避難收容業務承辦人,6161411,6161411,燕巢區公所,總務主任陳宏成,6164290,6164290,824,高雄市,燕巢區,南燕里,中興路267號,"南燕里、東燕里、安招里
",400 ,"■風水災
■地震
■海嘯
■其他
"
227,SE824-0003,深水國民小學（備用）,公所,高雄市,燕巢區,區公所災民避難收容業務承辦人,6161411,6161411,燕巢區公所,總務主任劉晉松,07-6152447*204,0936626326,824,高雄市,燕巢區,深水里,深中路2號,深水里,150 ,"■風水災
■地震
■海嘯
■其他
"
228,SE824-0004,橫山國民小學（備用）,公所,高雄市,燕巢區,區公所災民避難收容業務承辦人,6161411,6161411,燕巢區公所,總務主任許照明,07-6152479*40,07-6152479*40,824,高雄市,燕巢區,橫山里,橫山路24號,"橫山里
",60 ,"■風水災
■地震
■海嘯
■其他
"
229,SE824-0005,燕巢國民小學活動中心（備用）,公所,高雄市,燕巢區,區公所災民避難收容業務承辦人,6161411,6161411,燕巢區公所,總務主任蘇建洲,07-6161495*140,07-6161495*140,824,高雄市,燕巢區,東燕里,中華路177號,"東燕里、西燕里、尖山里",200 ,"■風水災
■地震
■海嘯
■其他
"
230,SE824-0006,安招國民小學（備用）,公所,高雄市,燕巢區,區公所災民避難收容業務承辦人,6161411,6161411,燕巢區公所,總務主任劉秀真,07-6162553*40,07-6162553*40,824,高雄市,燕巢區,瓊林里,安招路170號,"安招里、瓊林里
",200 ,"■風水災
■地震
■海嘯
■其他
"
231,SE824-0007,金山國民小學（備用）,公所,高雄市,燕巢區,區公所災民避難收容業務承辦人,6161411,6161411,燕巢區公所,總務主任許馨瑩,07-6164328*40,07-6164328轉40,824,高雄市,燕巢區,金山里,番田路29號,金山里,10 ,"■風水災
■地震
■海嘯
■其他
"
232,SE824-0008,鳳雄國民小學（備用）,公所,高雄市,燕巢區,區公所災民避難收容業務承辦人,6161411,6161411,燕巢區公所,總務主任黃筱晶,07-6153782*40,07-6153782*40,824,高雄市,燕巢區,鳳雄里,鳳加路52號,"鳳雄里、角宿里
",250 ,"■風水災
■地震
■海嘯
■其他
"
233,SE824-0009,燕巢區公所禮堂,公所,高雄市,燕巢區,區公所災民避難收容業務承辦人,6161411,6161411,燕巢區公所,社會課長蔡嘉鴻/ 承辦人林福村,6161411*170或178,6161411*170或178,824,高雄市,燕巢區,安招里,中安路1號,全區（第二優先）,100 ,"■風水災
■地震
■海嘯
■其他
"
234,SE823-0001,田寮區公所3樓大禮堂,公所,高雄市,田寮區,區公所災民避難收容業務承辦人,6361475,6361475,田寮區公所,社經課長黃弘泰,07-6361475轉41,07-6361475轉41,823,高雄市,田寮區,南安里,崗安路71號,全區，主要淹水、土石流潛勢區為三和里、崇德里、西德里、新興里,100 ,"■風水災
■地震
■海嘯
■其他
"
235,SE823-0002,崇德國小,公所,高雄市,田寮區,區公所災民避難收容業務承辦人,6361475,6361475,田寮區公所,總務處徐進文,6367155*40,6367155*40,823,高雄市,田寮區,崇德里,崇德路101號,崇德里、西德里,50 ,"■風水災
■地震
■海嘯
■其他
"
236,SE823-0003,新興國小,公所,高雄市,田寮區,區公所災民避難收容業務承辦人,6361475,6361475,田寮區公所,總務處郭淑娟,6381348*50,6381348*50,823,高雄市,田寮區,新興里,大新路2號,"新興里",50 ,"■風水災
■地震
■海嘯
■其他
"
237,SE823-0004,古亭社區活動中心,公所,高雄市,田寮區,區公所災民避難收容業務承辦人,6361475,6361475,田寮區公所,許振發,6367302,6367302,823,高雄市,田寮區,古亭里,古亭路廟後巷2號,鹿埔里、古亭里,70 ,"■風水災
■地震
■海嘯
■其他
"
238,SE822-0001,阿蓮區公所3樓會議室,公所,高雄市,阿蓮區,區公所災民避難收容業務承辦人,6321263,0983110621,阿蓮區公所,社會課長陳雅玲/承辦人蔡昆益,07-6311177轉13或轉25,07-6311177轉13或轉25,822,高雄市,阿蓮區,阿蓮里,民生路94號,"全區，適用一般災害類型，主要災害潛勢區域為玉庫里、港後里、峰山里、復安里
",80 ,"▉風水災
□地震
▉海嘯
▉其他-土石流
"
239,SE822-0002,復安國小（備用）,公所,高雄市,阿蓮區,區公所災民避難收容業務承辦人,6321263,0983110621,阿蓮區公所,王東波/總務主任,07-6333829-50,0916057728,822,高雄市,阿蓮區,復安里,復安167號,崗山、復安，可適用土石流潛勢區域,20 ,"□風水災
□地震
□海嘯
▉其他-土石流
"
240,SE822-0003,阿蓮國民小學,公所,高雄市,阿蓮區,區公所災民避難收容業務承辦人,6321263,0983110621,阿蓮區公所,總務主任吳孟珠,07-6312049-330,0910847476,822,高雄市,阿蓮區,阿蓮里,民族路163號,"全區，適用地震災害收容
",500 ,"□風水災
▉地震
□海嘯
□其他
"
241,SE822-0004,中路國民小學（備用）,公所,高雄市,阿蓮區,區公所災民避難收容業務承辦人,6321263,0983110621,阿蓮區公所,賈宛倩,07-6312325,0912852210,822,高雄市,阿蓮區,中路里,中路里中路272號,中路、石安,300 ,"■風水災
■地震
□海嘯
□其他_____"
242,SE822-0005,阿蓮國民中學（備用）,公所,高雄市,阿蓮區,區公所災民避難收容業務承辦人,6321263,0983110621,阿蓮區公所,鄭寶猜,6312045-310,0932700922,822,高雄市,阿蓮區,阿蓮里,民生路178號,全區，適用一般災害類型，主要災害潛勢區域為玉庫里、港後里、峰山里、復安里,100 ,"■風水災
■地震
□海嘯
□其他_____"
243,SE821-0001,路竹老人活動中心,公所,高雄市,路竹區,陳木村,6979209,0955591577,路竹區公所,蔡素宴,07-6979217,0988213750,821,高雄市,路竹區,文南里,國昌路117號,"優先開設收容所，收容全區
",120 ,"■風水災
■地震
■海嘯
■其他
"
244,SE821-0002,樹人醫護管理專科學校,公所,高雄市,路竹區,區公所災民避難收容業務承辦人,6979209,6979209,路竹區公所,黃新德技佐,07-6979310,07-6979310,821,高雄市,路竹區,甲南里,環球路452號,"甲北、甲南、下坑、竹圍里等
",120 ,"■風水災
■地震
■海嘯
■其他
"
245,SE821-0003,一甲國中學生活動中心,公所,高雄市,路竹區,區公所災民避難收容業務承辦人,6979209,6979209,路竹區公所,吳輝徹,6977479#23,6977479#23,821,高雄市,路竹區,甲南里,一甲路111號,甲北、甲南、社中、社南、社東、社西,120 ,"■風水災
■地震
■海嘯
■其他
"
246,SE821-0004,三埤國小,公所,高雄市,路竹區,區公所災民避難收容業務承辦人,6979209,6979209,路竹區公所,陳文賢,6962688#50,6962688#50,821,高雄市,路竹區,三爺里,民權路7號,"三爺、北嶺、後鄉、鴨寮里等
",120 ,"■風水災
■地震
■海嘯
■其他
"
247,SE821-0005,下坑國小,公所,高雄市,路竹區,區公所災民避難收容業務承辦人,6979209,6979209,路竹區公所,史弼中/陳秋華,6951015#40,6951015#40,821,高雄市,路竹區,下坑里,太平路384號,"下坑里、竹園里、社東里等
",120 ,"□風水災
■地震
■海嘯
■其他
"
248,SE821-0006,竹滬國小,公所,高雄市,路竹區,區公所災民避難收容業務承辦人,6979209,6979209,路竹區公所,林怡君,6981516#40,6981516#40,821,高雄市,路竹區,竹滬里,成功路2號,"頂寮里、竹滬里、新達里等
",120 ,"■風水災
■地震
■海嘯
■其他
"
249,SE829-0001,台灣基督長老教會海埔教會,公所,高雄市,湖內區,區公所災民避難收容業務承辦人,6991221*238,0932-837-411,台灣基督長老教會海埔教會,黃詩雅,6993089,0930-991-305,829,高雄市,湖內區,海山里,和平路115號,海山、海埔、劉家,100 ,"■風水災
■地震
■海嘯
■其他
"
250,SE829-0002,財團法人一貫道興毅純陽聖道院,公所,高雄市,湖內區,區公所災民避難收容業務承辦人,6991221*238,0932-837-411,財團法人一貫道興毅純陽聖道院,李素珍,6997783,0972-278-039,829,高雄市,湖內區,葉厝里,保生路392號,葉厝、太爺、公館,300 ,"■風水災
■地震
■海嘯
■其他
"
251,SE829-0003,中正堂二樓,公所,高雄市,湖內區,區公所災民避難收容業務承辦人,6991221*238,0932-837-411,湖內區公所,徐鳳嫺,6991221*238,0932-837-411,829,高雄市,湖內區,文賢里,中正路二段79號,文賢、忠興、中賢、逸賢,100 ,"■風水災
■地震
■海嘯
■其他
"
252,SE829-0006,大湖國小,公所,高雄市,湖內區,區公所災民避難收容業務承辦人,6991221*238,0932-837-411,大湖國小,林慧真,6933808*40,0953-039-790,829,高雄市,湖內區,大湖里,民權路2號,湖內、大湖、田尾,180 ,"■風水災
■地震
■海嘯
■其他
"
253,SE829-0007,社團法人高雄市湖內區湖東社區發展協會,公所,高雄市,湖內區,區公所災民避難收容業務承辦人,6991221*238,0932-837-411,社團法人高雄市湖內區湖東社區發展協會,許順加,6931528,0910-738-655,829,高雄市,湖內區,湖東里,民生街252號,湖東里,50 ,"■風水災
■地震
■海嘯
■其他
"
254,SE852-0001,茄萣區公所大禮堂,公所,高雄市,茄萣區,區公所災民避難收容業務承辦人,6900001,6900001,茄萣區公所,社會課長林勝賢   /承辦人廖婉吟,07-6900001轉130或轉123,07-6900001轉130或轉123,852,高雄市,茄萣區,白雲里,濱海路四段27號,嘉賜里、嘉安里、嘉樂里、嘉泰里、嘉福里、和協里,120 ,"■風水災
□地震
□海嘯
□其他
"
255,SE852-0002,茄萣老人活動中心,公所,高雄市,茄萣區,區公所災民避難收容業務承辦人,6900001,6900001,茄萣區公所,社會課長林勝賢   /承辦人廖婉吟,07-6900001轉130或轉123,07-6900001轉130或轉123,852,高雄市,茄萣區,光定里,忠孝街29號,嘉定里、保定里、大定里、光定里、吉定里、崎漏里,120 ,"■風水災
□地震
■海嘯
□其他
"
256,SE852-0003,茄萣國中體育館,公所,高雄市,茄萣區,區公所災民避難收容業務承辦人,6900001,6900001,茄萣區公所,社會課長林勝賢   /承辦人廖婉吟,07-6900001轉130或轉123,07-6900001轉130或轉123,852,高雄市,茄萣區,白雲里,濱海路4段29號,全區,250 ,"■風水災
■地震
□海嘯
□其他
"
257,SE852-0004,白雲社區活動中心,公所,高雄市,茄萣區,區公所災民避難收容業務承辦人,6900001,6900001,茄萣區公所,社會課長林勝賢   /承辦人廖婉吟,07-6900001轉130或轉123,07-6900001轉130或轉123,852,高雄市,茄萣區,白雲里,公園路81號,福德里、萬福里、白雲里,120 ,"■風水災
□地震
■海嘯
□其他
"
258,SE828-0001,中正堂,公所,高雄市,永安區,區公所災民避難收容業務承辦人,6912716,6912716,永安區公所,社會課承辦人蔡美惠,07-6912716轉122,07-6912716轉122,828,高雄市,永安區,永華里,永安路43號,"鹽田里、永安里、永華里、新港里
",120 ,"■風水災
■地震
□海嘯
■其他
"
259,SE828-0002,永安國中,公所,高雄市,永安區,區公所災民避難收容業務承辦人,6912716,6912716,永安區公所,社會課承辦人蔡美惠,07-6912716轉122,07-6912716轉122,828,高雄市,永安區,保寧里,保興一路3號,"保寧里、維新里
",120 ,"■風水災
■地震
□海嘯
■其他
"
260,SE828-0003,高雄市永安區新港國民小學,公所,高雄市,永安區,江美田,6912040,,新港國小總務處,江美田,6912040,6912040,828,高雄市,永安區,新港里,新興路25號,新港里,50 ,"■風水災
■地震
□海嘯
■其他
"
261,SE828-0004,高雄市永安區維新國民小學,公所,高雄市,永安區,丁裕哲,6913816-202,,維新國小總務處,丁裕哲,6913816-202,6913816-202,828,高雄市,永安區,維新里,維新路光明9巷69之10號,維新里,50 ,"■風水災
■地震
□海嘯
■其他
"
262,SE828-0005,高雄市永安區鹽田活動中心,公所,高雄市,永安區,蔡美惠,6912716-122,912742846,永安區公所,社會課承辦人蔡美惠,07-6912716轉122,07-6912716轉122,828,高雄市,永安區,鹽田里,新興路99號,鹽田里,40 ,"■風水災
■地震
□海嘯
■其他
"
263,SE827-0001,彌陀區公所,公所,高雄市,彌陀區,區公所災民避難收容業務承辦人,6191216,6191216,彌陀區公所,社會課長薛清娜/承辦人王絢玉,07-6191216轉22或轉50,07-6191216轉22或轉50,827,高雄市,彌陀區,彌仁里,中華路4號,"舊港里、文安里、過港里、鹽埕里、海尾里、漯底里、南寮里",100 ,"■風水災
□地震
■海嘯
■其他
"
264,SE827-0002,彌陀國小,公所,高雄市,彌陀區,區公所災民避難收容業務承辦人,6191216,6191216,彌陀區公所,社會課長薛清娜/承辦人王絢玉,07-6191216轉22或轉50,07-6191216轉22或轉50,827,高雄市,彌陀區,彌靖里,中正路213號,光和里、彌壽里、彌陀里、彌靖里、彌仁里,300 ,"■風水災
■地震
■海嘯
■其他
"
265,SE827-0003,彌陀國中（備用）,公所,高雄市,彌陀區,區公所災民避難收容業務承辦人,6191216,6191216,彌陀區公所,吳炳勳,07-6178424#32,07-6178424#32,827,高雄市,彌陀區,過港里,進學路136號,全區調度配合,250 ,"□風水災
■地震
■海嘯
□其他
"
266,SE827-0004,壽齡國小（備用）,公所,高雄市,彌陀區,區公所災民避難收容業務承辦人,6191216,6191216,彌陀區公所,蔣益生,07-6196625#721,07-6196625#721,827,高雄市,彌陀區,文安里,國校路1號,全區調度配合,100 ,"□風水災
■地震
■海嘯
□其他
"
267,SE827-0005,南安國小（備用）,公所,高雄市,彌陀區,區公所災民避難收容業務承辦人,6191216,6191216,彌陀區公所,劉宗光,07-6191810#40,07-6191810#40,827,高雄市,彌陀區,漯底里,樂安路1號,全區調度配合,100 ,"□風水災
■地震
■海嘯
□其他
"
268,SE827-0006,彌仁社區活動中心（備用）,公所,高雄市,彌陀區,區公所災民避難收容業務承辦人,6191216,6191216,彌陀區公所,蔣惠雯,07-6191216#16,07-6191216#16,827,高雄市,彌陀區,彌仁里,中華路1巷1弄12號,全區調度配合,100 ,"□風水災
■地震
■海嘯
□其他
"
269,SE827-0007,鹽埕過港社區康樂室（備用）,公所,高雄市,彌陀區,區公所災民避難收容業務承辦人,6191216,6191216,彌陀區公所,陳永昌,07-6191216#29,07-6191216#29,827,高雄市,彌陀區,過港里,鹽港二路53之6號,全區調度配合,50 ,"□風水災
■地震
■海嘯
□其他
"
270,SE826-0001,梓官區公所,公所,高雄市,梓官區,區公所災民避難收容業務承辦人,6174111,6174111,梓官區公所,社會課長楊玥珍/承辦人許秀桃,07-6174111轉141或轉136,07-6174111轉141或轉136,826,高雄市,梓官區,梓義里,梓官路258號,"梓和里、中崙里、同安里
",60 ,"■風水災
□地震
□海嘯
■其他
"
271,SE826-0002,梓官國中,公所,高雄市,梓官區,區公所災民避難收容業務承辦人,6174111,6174111,梓官區公所,黃景隆/總務主任,07-6172854*31,07-6172854*31,826,高雄市,梓官區,梓信里,中學路71號,"全區，主以淹水潛勢區中崙里、梓信里、梓和里、梓平里、同安里、典寶里、禮蚵里、智蚵里、信蚵里
",400 ,"■風水災
□地震
□海嘯
■其他
"
272,SE826-0003,梓和社區活動中心（備用）,公所,高雄市,梓官區,區公所災民避難收容業務承辦人,6174111,6174111,梓官區公所,陳金榮,6101632,0939-235956,826,高雄市,梓官區,梓和里,大宅街38號,全區,80 ,"■風水災
□地震
□海嘯
■其他
"
273,SE826-0004,梓平社區活動中心（備用）,公所,高雄市,梓官區,區公所災民避難收容業務承辦人,6174111,6174111,梓官區公所,蔡焙璋,6177270,0933-282313,826,高雄市,梓官區,梓平里,梓官路城隍巷123-1號,全區,100 ,"■風水災
□地震
□海嘯
■其他
"
274,SE826-0005,智信蚵社區聯合活動中心（備用）,公所,高雄市,梓官區,區公所災民避難收容業務承辦人,6174111,6174111,梓官區公所,黃信長,6101938,0935-856461,826,高雄市,梓官區,信蚵里,廣澤路3號,全區,150 ,"■風水災
□地震
□海嘯
■其他
"
275,SE826-0006,赤崁老人活動中心（備用）,公所,高雄市,梓官區,區公所災民避難收容業務承辦人,6174111,6174111,梓官區公所,楊玲娟,,0986-556879,826,高雄市,梓官區,赤東里,中正路519號,全區,160 ,"■風水災
□地震
□海嘯
■其他
"
276,SE826-0007,蚵寮國中（備用）,公所,高雄市,梓官區,區公所災民避難收容業務承辦人,6174111,6174111,梓官區公所,林碧真主任,6172831轉31,0972-009774,826,高雄市,梓官區,智蚵里,中正二街60號,全區,400 ,"■風水災
□地震
□海嘯
■其他
"
277,SE826-0008,蚵寮國小（備用）,公所,高雄市,梓官區,區公所災民避難收容業務承辦人,6174111,6174111,梓官區公所,郭啟鴻主任,6101044（O）6178741（H）,0926-261125,826,高雄市,梓官區,禮蚵里,光明路177號,全區,300 ,"■風水災
□地震
□海嘯
■其他
"
278,SE826-0009,梓官國小（備用）,公所,高雄市,梓官區,區公所災民避難收容業務承辦人,6174111,6174111,梓官區公所,鄭麗慧校長,6176595（O）3893355（H）,0932-858960,826,高雄市,梓官區,梓和里,進學路614號,全區,300 ,"■風水災
□地震
□海嘯
■其他
"
279,SE842-0001,旗山區公所,公所,高雄市,旗山區,區公所災民避難收容業務承辦人,6616100,6616100,旗山區公所,社會課長林靜芳,07-6616100轉122或轉128,07-6616100轉122或轉128,842,高雄市,旗山區,湄洲里,延平一路499號,大德里、湄洲里、瑞吉里、三協里、東平里、東昌里及區內災民,120 ,"▉風水災
▉地震
□海嘯
□其他
"
280,SE842-0002,合天大道院,公所,高雄市,旗山區,區公所災民避難收容業務承辦人,6616100,6616100,旗山區公所,明慧法師,6663961、6663960、0975309223,6663961、6663960、0975309223,842,高雄市,旗山區,南勝里,尙和巷10號,"南勝里
",100 ,"▉風水災
□地震
□海嘯
□其他
"
281,SE842-0003,中正社區活動中心,公所,高雄市,旗山區,區公所災民避難收容業務承辦人,6616100,6616100,旗山區公所,中正里長郭舜明,6693457、0928707199,6693457、0928707199,842,高雄市,旗山區,中正里,旗甲路三段177巷1號,中正里、圓富里、大林里,30 ,"▉風水災
□地震
□海嘯
□其他
"
282,SE842-0004,湄州里活動中心,公所,高雄市,旗山區,區公所災民避難收容業務承辦人,6616100,6616100,旗山區公所,湄洲里幹事王瑞鳳,6626510/0933661325,6626510/0933661325,842,高雄市,旗山區,湄洲里,文中路4號,大德里、湄洲里、瑞吉里、三協里、東平里、東昌里及區內災民,50 ,"▉風水災
▉地震
□海嘯
□其他
"
283,SE842-0005,上洲社區活動中心,公所,高雄市,旗山區,區公所災民避難收容業務承辦人,6616100,6616100,旗山區公所,上洲里幹事王培沂,6815913、0937319696,6815913、0937319696,842,高雄市,旗山區,上洲里,後角街2之4號,大山里、鯤洲里、上洲里、新光里、南洲里、中洲里、中寮里,50 ,"▉風水災
□地震
□海嘯
□其他
"
284,SE842-0006,大洲國中（備用）,公所,高雄市,旗山區,區公所災民避難收容業務承辦人,6616100,6616100,旗山區公所,總務主任何建輝,6661378*50,6661378*50,842,高雄市,旗山區,新光里,新南巷5號,新光里、南洲里、中洲里、大山里、鯤洲里、上洲里、中寮里,60 ,"▉風水災
▉地震
□海嘯
□其他
"
285,SE842-0007,大林社區活動中心（備用）,公所,高雄市,旗山區,區公所災民避難收容業務承辦人,6616100,6616100,旗山區公所,大林里長莊柏松,6691226、0937636150,6691226、0937636150,842,高雄市,旗山區,大林里,自強巷17號,大林,30 ,"▉風水災
□地震
□海嘯
□其他
"
286,SE842-0008,永和社區活動中心（備用）,公所,高雄市,旗山區,區公所災民避難收容業務承辦人,6616100,6616100,旗山區公所,理事長鄭榮貴,6618676、0910371752,6618676、0910371752,842,高雄市,旗山區,永和里,旗文路125之5號,各里,50 ,"▉風水災
□地震
□海嘯
□其他
"
287,SE842-0009,旗山國小禮堂（備用）,公所,高雄市,旗山區,區公所災民避難收容業務承辦人,6616100,6616100,旗山區公所,總務主任吳孟珠,6612052#103,935652552,842,高雄市,旗山區,湄洲里,華中街44號,各里,80 ,"▉風水災
▉地震
□海嘯
□其他
"
288,SE842-0010,竹峰里辦公處,公所,高雄市,旗山區,區公所災民避難收容業務承辦人,6616100,6616100,旗山區公所,竹峰里長楊麗玉,6622059、0933375380,6622059、0933375380,842,高雄市,旗山區,竹峰里,義德街31巷1之1號,各里別,30 ,"▉風水災
□地震
□海嘯
□其他
"
289,SE842-0011,南勝社區活動中心（備用）,公所,高雄市,旗山區,區公所災民避難收容業務承辦人,6616100,6616100,旗山區公所,南勝里長 蘇國泰,6651182、0910848955,6651182、0910848955,842,高雄市,旗山區,南勝里,龍文巷30號之3,南勝里（嶺口地區）,30 ,"▉風水災
□地震
□海嘯
□其他
"
290,SE842-0012,廣福社區活動中心,公所,高雄市,旗山區,區公所災民避難收容業務承辦人,6616100,6616100,旗山區公所,理事長陳楊華枝,6613335、0932738714,6613335、0932738714,842,高雄市,旗山區,廣福里,旗屏二路16號,廣福里,30 ,"▉風水災
□地震
□海嘯
□其他
"
291,SE842-0013,靈山寺,公所,高雄市,旗山區,區公所災民避難收容業務承辦人,6616100,6616100,旗山區公所,管理人游茂己,6612715、0912710835,6612715、0912710835,842,高雄市,旗山區,太平里,德義街17-1號,大德、湄洲、瑞吉、三協及區內災民,100 ,"▉風水災
▉地震
□海嘯
□其他
"
292,SE842-0014,溪洲國小（備用）,公所,高雄市,旗山區,區公所災民避難收容業務承辦人,6616100,6616100,旗山區公所,楊頌平主任,"0935059109
6661408*40","0935059109
6661408*40",842,高雄市,旗山區,大山里,南二路126號,大山里、鯤洲里、上洲里、新光里、南洲里、中洲里、中寮里,30 ,"▉風水災
▉地震
□海嘯
□其他
"
293,SE842-0015,旗美高中（備用）,公所,高雄市,旗山區,區公所災民避難收容業務承辦人,6616100,6616100,旗山區公所,庶務組組長唐瑞明,6612502＃510,6612502＃510,842,高雄市,旗山區,東平里,樹人路21號,東平里、東昌里、廣福里,100 ,"▉風水災
▉地震
□海嘯
□其他
"
294,SE842-0016,鯤洲社區多功能活動中心,公所,高雄市,旗山區,區公所災民避難收容業務承辦人,6616100,6616100,旗山區公所,鯤洲里長柯文化,6662262、0911719729,6662262、0911719729,842,高雄市,旗山區,鯤洲里,鯤洲街35-1號,大山里、鯤洲里、上洲里、新光里、南洲里、中洲里、中寮里,80 ,"▉風水災
▉地震
□海嘯
□其他
"
295,SE843-0001,廣善堂,公所,高雄市,美濃區,社會課長徐惠珍/承辦人莊育政,6814311,6814311,美濃區公所,理事長,07-6814311轉15或轉14,07-6814311轉15或轉14,843,高雄市,美濃區,瀰濃里,福美路281號,福安、中圳、瀰濃,80 ,"■風水災
■地震
■海嘯
■其他
"
296,SE843-0002,美濃區老人文康活動中心,公所,高雄市,美濃區,社會課長徐惠珍/承辦人莊育政,6814311,6814311,美濃區公所,社會課長徐惠珍/承辦人莊育政,07-6814311轉15或轉14,0921577196,843,高雄市,美濃區,合和里,中正路2段351號,德興、清水、吉洋、合和、東門、泰安（分攤公所收容量）,60 ,"■風水災
■地震
■海嘯
■其他
"
297,SE843-0003,美濃區公所,公所,高雄市,美濃區,社會課長徐惠珍/承辦人莊育政,6814311,6814311,美濃區公所,社會課長徐惠珍/承辦人莊育政,07-6814311轉15或轉14,0921577196,843,高雄市,美濃區,合和里,美中路260號,優先開設，收容合和、東門、泰安,20 ,"■風水災
■地震
■海嘯
■其他
"
298,SE843-0004,中壇國小活動中心,公所,高雄市,美濃區,社會課長徐惠珍/承辦人莊育政,07-6812534＃40,0978029069,美濃區公所,童遠昇,07-6812534＃40,0978029069,843,高雄市,美濃區,中壇里,忠孝路一段19號,中壇里,80 ,"■風水災
■地震
■海嘯
■其他
"
299,SE843-0005,美濃國中體育館,公所,高雄市,美濃區,社會課長徐惠珍/承辦人莊育政,0975018933,0975018933,美濃區公所,劉文裕,0975018933,0975018933,843,高雄市,美濃區,合和里,中正路一段191號,合和里,500 ,"■風水災
■地震
■海嘯
■其他
"
300,SE844-0003,寶來國中,公所,高雄市,六龜區,區公所災民避難收容業務承辦人,6892100,6892100,六龜區公所,寶來里長沈振揚,6881125、0919629599,6881125、0919629599,844,高雄市,六龜區,寶來里,中正路137號,"寶來里
第一開設順位
",100 ,"▉風水災
▉地震
□海嘯
□其他
"
301,SE844-0005,荖濃防災教育中心,公所,高雄市,六龜區,區公所災民避難收容業務承辦人,6892100,6892100,六龜區公所,荖濃里長陳俊福,6882927、091962,6882927、091962,844,高雄市,六龜區,荖濃里,裕農路27號,"荖濃里
第一開設順位",100 ,"▉風水災
▉地震
□海嘯
□其他
"
302,SE844-0008,新發社區活動中心,公所,高雄市,六龜區,區公所災民避難收容業務承辦人,6892100,6892100,六龜區公所,新發里長劉俊麟,6791413、0963114332,6791413、0963114332,844,高雄市,六龜區,新發里,和平路115之1號,"新發里
第一開設順位",100 ,"▉風水災
▉地震
□海嘯
□其他
"
303,SE844-0011,興龍社區活動中心,公所,高雄市,六龜區,區公所災民避難收容業務承辦人,6892100,6892100,六龜區公所,興龍里長張榮華,6893923、0926393713,6893923、0926393713,844,高雄市,六龜區,興龍里,土龍74號,"興龍里
",50 ,"▉風水災
▉地震
□海嘯
□其他
"
304,SE844-0012,中興社區活動中心,公所,高雄市,六龜區,區公所災民避難收容業務承辦人,6892100,6892100,六龜區公所,中興里長王茗洋,0958-288315,0958-288315,844,高雄市,六龜區,中興里,中庄194號,"中興里
",100 ,"▉風水災
▉地震
□海嘯
□其他
"
305,SE844-0016,大津登山訓練中心,公所,高雄市,六龜區,區公所災民避難收容業務承辦人,6892100,6892100,六龜區公所,大津里長李淑華,6801102、0937645535,6801102、0937645535,844,高雄市,六龜區,大津里,大津34號,"大津里
",60 ,"▉風水災
▉地震
□海嘯
□其他
"
306,SE844-0018,六龜社區活動中心,公所,高雄市,六龜區,區公所災民避難收容業務承辦人,6892100,6892100,六龜區公所,六龜里長邱國輝,07-6893020 ,07-6893020 ,844,高雄市,六龜區,六龜里,華北街60-1號,"六龜里
",100 ,"▉風水災
▉地震
□海嘯
□其他
"
307,SE844-0023,六龜綜合社會福利館,公所,高雄市,六龜區,區公所災民避難收容業務承辦人,6892100,6892100,六龜區公所,林江東里長,0931763506,0931763506,844,高雄市,六龜區,義寶里,光復路102號,文武里土石流潛勢溪流保全住戶及義寶里易淹水地區,100 ,"▉風水災
▉地震
□海嘯
□其他
"
308,SE844-0025,新興社區活動中心,公所,高雄市,六龜區,區公所災民避難收容業務承辦人,6892100,6892100,六龜區公所,新興里長邱瑞明,07-6871084 ,07-6871084 ,844,高雄市,六龜區,新興里,新威299號,"新興里
",100 ,"▉風水災
▉地震
□海嘯
□其他
"
309,SE844-0026,新威社區活動中心,公所,高雄市,六龜區,區公所災民避難收容業務承辦人,6892100,6892100,六龜區公所,新威里長邱國治,07-6872366 、0958288315,07-6872366 、0958288315,844,高雄市,六龜區,新威里,新威128號,新威里,50 ,"▉風水災
▉地震
□海嘯
□其他
"
310,SE844-0028,新寮社區活動中心,公所,高雄市,六龜區,區公所災民避難收容業務承辦人,6892100,6892100,六龜區公所,新寮里長朱玉雲,6872339,6872339,844,高雄市,六龜區,新寮里,三民路14號,"新寮里",100 ,"▉風水災
▉地震
□海嘯
□其他
"
311,SE844-0029,新威天台聖宮,公所,高雄市,六龜區,區公所災民避難收容業務承辦人,6892100,6892100,六龜區公所,葉經理,07-6872100轉1133,07-6872100轉1133,844,高雄市,六龜區,新寮里,三民路81號,"六龜區
",1000 ,"▉風水災
▉地震
□海嘯
□其他
"
312,SE847-0001,元宋太祖宮,公所,高雄市,甲仙區,杜淑芬,6751002,6751002*17,甲仙區公所,管理人蔡良文,07-6752559 ,07-6752559、0933288123 ,847,高雄市,甲仙區,寶隆里,嶺頂巷65號,西安里/大田/寶隆,70 ,"▉風水災
▉地震
□海嘯
□其他
"
313,SE847-0002,靈隱寺（備用）,公所,高雄市,甲仙區,杜淑芬,6751002,6751002*17,甲仙區公所,住持王老得, 07-6752123  ," 07-6752123、0933392877  
09920537681
7779292(H)",847,高雄市,甲仙區,寶隆里,光華路1號,全區,500 ,"▉風水災
▉地震
□海嘯
□其他
"
314,SE847-0003,龍鳳寺,公所,高雄市,甲仙區,杜淑芬,6751002,6751002*17,甲仙區公所,住持康苗杰,07-6751033,"07-6751033、0953570068
6752142傳真",847,高雄市,甲仙區,東安里,油礦巷3號,西安/東安/和安/關山/小林,500 ,"▉風水災
□地震
□海嘯
□其他
"
315,SE847-0004,甲仙國中（備用）,公所,高雄市,甲仙區,杜淑芬,6751002,6751002*17,甲仙區公所,總務主任劉勇君、校長麥賢章,6751018*20、 6751018*10 ,0922-666202,847,高雄市,甲仙區,東安里,文化南路6號,全轄區,30 ,"▉風水災
▉地震
□海嘯
□其他
"
316,SE847-0005,大田里老人活動中心（備用）,公所,高雄市,甲仙區,杜淑芬,6751002,6751002*17,甲仙區公所,里長蘇太川、社區總幹事張琪、里幹事沈詩涵,"0937645257、0921233279、0922838931
","0937645257、0921233279、0922838931
",847,高雄市,甲仙區,大田里,新興路49-1號,"大田里",100 ,"▉風水災
▉地震
□海嘯
□其他
"
317,SE847-0006,寶隆國小（備用）,公所,高雄市,甲仙區,杜淑芬,6751002,6751002*17,甲仙區公所,總務主任林逸誠、校長梁一成,6752998*31,"
0911-071375
0922-496829",847,高雄市,甲仙區,寶隆里,光華路20號,全區,100 ,"▉風水災
▉地震
□海嘯
□其他
"
318,SE847-0007,關山社區活動中心,公所,高雄市,甲仙區,杜淑芬,6751002,6751002*17,甲仙區公所,里長李林萍、里幹事蔡綠涔,0912726923、0916917036,0912726923、0916917036,847,高雄市,甲仙區,關山里,中興路17號,"關山里",80 ,"□風水災
▉地震
□海嘯
□其他
"
319,SE847-0008,甲仙和安社區活動中心（備用）,公所,高雄市,甲仙區,杜淑芬,6751002,6751002*17,甲仙區公所,理事長楊盛恩、里幹事陳莠嬿,,0933-375725、0919-763155,847,高雄市,甲仙區,和安里,中山路56號,"和安里",200 ,"▉風水災
□地震
□海嘯
□其他
"
320,SE847-0009,小林社區活動中心（備用）,公所,高雄市,甲仙區,杜淑芬,6751002,6751002*17,甲仙區公所,理事長劉田、里幹事蔡綠、行政潘淑英,07-6761311,"0928-119643、0916917036、
6761455",847,高雄市,甲仙區,小林里,西拉雅路2巷1號,小林里,100 ,"▉風水災
▉地震
□海嘯
□其他
"
321,SE846-0001,集來社區活動中心,公所,高雄市,杉林區,區公所災民避難收容業務承辦人,6771340,6771340,杉林區公所,理事長黃保全,07-6779477,07-6779477,846,高雄市,杉林區,集來里,通仙巷333號,集來里,30 ,"▉風水災
▉地震
□海嘯
□其他
"
322,SE846-0002,白水泉活動中心,公所,高雄市,杉林區,區公所災民避難收容業務承辦人,6771340,6771340,杉林區公所,王雙錦,6779047 ,922422250,846,高雄市,杉林區,木梓里,茄苳巷26號,木梓里,30 ,"▉風水災
▉地震
□海嘯
□其他
"
323,SE846-0003,大愛活動中心,公所,高雄市,杉林區,區公所災民避難收容業務承辦人,6771340*232,6771340*232,杉林區公所,鍾區長炳光,6771340,0911166159,846,高雄市,杉林區,大愛里,大愛路47號,全區,200 ,"▉風水災
▉地震
□海嘯
□其他
"
324,SE846-0004,新和社區活動中心,公所,高雄市,杉林區,區公所災民避難收容業務承辦人,6771340*232,6771340*232,杉林區公所,賴春義,6774013,0912-741380 ,846,高雄市,杉林區,新庄里,司馬路384巷5號,新庄里,30 ,"▉風水災
▉地震
□海嘯
□其他
"
325,SE846-0005,杉林社區活動中心,公所,高雄市,杉林區,區公所災民避難收容業務承辦人,6771340*232,6771340*232,杉林區公所,江明成,,0939723777,846,高雄市,杉林區,杉林里,合森巷109號,杉林里,30 ,"▉風水災
▉地震
□海嘯
□其他
"
326,SE846-0006,上平社區活動中心,公所,高雄市,杉林區,區公所災民避難收容業務承辦人,6771340*232,6771340*232,杉林區公所,張欽賢,,0919629466,846,高雄市,杉林區,上平里,山仙路152巷14號,上平里,20 ,"▉風水災
▉地震
□海嘯
□其他
"
327,SE846-0007,月眉社區活動中心,公所,高雄市,杉林區,區公所災民避難收容業務承辦人,6771340*232,6771340*232,杉林區公所,徐松榮,6771241,,846,高雄市,杉林區,月眉里,清水路朝雲巷10號,月眉里,20 ,"▉風水災
▉地震
□海嘯
□其他
"
328,SE846-0008,月美社區活動中心,公所,高雄市,杉林區,區公所災民避難收容業務承辦人,6771340*232,6771340*232,杉林區公所,劉永光,,0972000623,846,高雄市,杉林區,月美里,桐竹路241號,月美里,20 ,"■風水災
■地震
□海嘯
□其他
"
329,SE846-0009,新和社區舊圖書館,公所,高雄市,杉林區,區公所災民避難收容業務承辦人,6771340*232,6771340*232,杉林區公所,賴春義,976067741,0976067741,846,高雄市,杉林區,集來里,司馬路52號,集來里,30 ,"■風水災
■地震
□海嘯
□其他
"
330,SE845-0001,內門紫竹寺香客大樓,公所,高雄市,內門區,區公所災民避難收容業務承辦人,6671211,6671211,內門區公所,黃萬來,07-6671632,07-6671632,845,高雄市,內門區,觀亭里,中正路115巷18號,"觀亭里、中埔里、內東里、瑞山里、內南里、東埔里
",200 ,"■風水災
■地震
■海嘯
■其他
"
331,SE845-0002,南海紫竹寺香客大樓,公所,高雄市,內門區,區公所災民避難收容業務承辦人,6671211,6671211,內門區公所,蔡瓊鳳,07-6671400   07-6673933,07-6671400   07-6673933,845,高雄市,內門區,內豊里,內埔82號,"內門里、內豐里、光興里、東埔里、三平里
",200 ,"■風水災
■地震
■海嘯
■其他
"
332,SE845-0003,永富社區活動中心（景義國小）,公所,高雄市,內門區,區公所災民避難收容業務承辦人,6671211,6671211,內門區公所,陳明上,6601979,6601979,845,高雄市,內門區,永富里,萊坑8號,永富里,120 ,"■風水災
■地震
■海嘯
■其他
"
333,SE845-0004,永吉社區活動中心,公所,高雄市,內門區,區公所災民避難收容業務承辦人,6671211,6671211,內門區公所,林永凌,6602048,6602048,845,高雄市,內門區,永吉里,新生5號,溝坪、永吉、永興,50 ,"■風水災
■地震
■海嘯
■其他
"
334,SE845-0005,金竹社區活動中心,公所,高雄市,內門區,區公所災民避難收容業務承辦人,6671211,6671211,內門區公所,郭金娥,6601992,6601992,845,高雄市,內門區,金竹里,吉民53號,金竹里,120 ,"■風水災
■地震
■海嘯
■其他
"
335,SE845-0006,木柵社區活動中心,公所,高雄市,內門區,區公所災民避難收容業務承辦人,6671211,6671211,內門區公所,郭存典,6681266,0910886931,845,高雄市,內門區,木柵里,木柵30-1號,"木柵里、三平里、石坑里、永富里
",50 ,"■風水災
■地震
■海嘯
■其他
"
336,SE851-0001,茂林基督長老教會,公所,高雄市,茂林區,區公所災民避難收容業務承辦人,6801045,6801045,茂林區公所,牧師武小鳳,07-6801260,0912389165,851,高雄市,茂林區,茂林里,茂林巷90-1號,"茂林里",50 ,"▓風水災
▓地震
□海嘯
□其他
"
337,SE851-0002,多納里社區活動中心,公所,高雄市,茂林區,區公所災民避難收容業務承辦人,6801045*32,0918805096,茂林區公所,羅耀明里長/里幹事蘇孟源,0925585096、0934181326,0925585096、0934181326,851,高雄市,茂林區,多納里,多納巷2號,"多納里
",150 ,"▓風水災
▓地震
□海嘯
□其他
"
338,SE851-0003,多納國小,公所,高雄市,茂林區,區公所災民避難收容業務承辦人,6801045,6801045,茂林區公所,校長黃英凡,07-6801178,07-6801178,851,高雄市,茂林區,多納里,多納巷1號,"多納里
",200 ,"▓風水災
▓地震
□海嘯
□其他
"
339,SE851-0004,茂林國小,公所,高雄市,茂林區,區公所災民避難收容業務承辦人,6801045,6801045,茂林區公所,校長洪英雄,07-6801043,07-6801043,851,高雄市,茂林區,茂林里,茂林巷8-3號,"茂林里
",180 ,"▓風水災
▓地震
□海嘯
□其他
"
340,SE851-0005,鳳山區農會茂林辦事處,公所,高雄市,茂林區,區公所災民避難收容業務承辦人,6801045,6801045,茂林區公所,主任簡澄耀,07-6801115,07-6801115,851,高雄市,茂林區,茂林里,茂林巷16號,"萬山、茂林里
",220 ,"▓風水災
▓地震
□海嘯
□其他
"
341,SE851-0006,萬山里避難屋,公所,高雄市,茂林區,區公所災民避難收容業務承辦人,6801045,6801045,茂林區公所,鄭善雄里長、藍馨里幹事,0925077628、0958288033,0925077628、0958288033,851,高雄市,茂林區,萬山里,茂林區萬山段316地號(萬山里預建地),萬山里,120 ,"▓風水災
▓地震
□海嘯
□其他
"
342,SE848-0001,寶山國小(位於二集團),公所,高雄市,桃源區,區公所災民避難收容業務承辦人,6861132,6861132,桃源區公所,里長陳林彩秀/里幹事謝志勵,07-6894007,0911719152/0977406671,848,高雄市,桃源區,寶山里,二集團98號,"寶山里
",250 ,"■風水災
□地震
□海嘯
■其他
"
343,SE848-0002,建山社區活動中心,公所,高雄市,桃源區,區公所災民避難收容業務承辦人,6861132,6861132,桃源區公所,里長金阿美/里幹事謝正文,,0938317097/0919397714,848,高雄市,桃源區,建山里,建山巷86號,"建山里
",120 ,"■風水災
□地震
■海嘯
■其他
"
344,SE848-0003,高中社區活動中心,公所,高雄市,桃源區,區公所災民避難收容業務承辦人,6861132,6861132,桃源區公所,里長余金鐘/ 里幹事謝正文,,0919892255/0981248529,848,高雄市,桃源區,高中里,興中巷44號,"高中里
",80 ,"■風水災
□地震
□海嘯
■其他
"
345,SE848-0004,興中國小,公所,高雄市,桃源區,區公所災民避難收容業務承辦人,6861132,6861132,桃源區公所,里長余金鐘/ 里幹事謝正文,,0919892255/0981248529,848,高雄市,桃源區,高中里,興中巷44號,"高中里",200 ,"■風水災
□地震
□海嘯
■其他
"
346,SE848-0005,勤和社區活動中心,公所,高雄市,桃源區,區公所災民避難收容業務承辦人,6861132,6861132,桃源區公所,里長柯文龍/里幹事謝巧孟,07-6861115,0989650023/0919397714,848,高雄市,桃源區,勤和里,南橫公路3段平台巷36號,"勤和里
",80 ,"■風水災
□地震
■海嘯
■其他
"
347,SE848-0006,馬舒霍爾文化聚會所,公所,高雄市,桃源區,區公所災民避難收容業務承辦人,6861132,6861132,桃源區公所,里長呂江玉英/里幹事張金良,07-6866051,0925517693/0987852551,848,高雄市,桃源區,梅山里,梅山55號,梅山里,200 ,"■風水災
■地震
□海嘯
■其他
"
348,SE848-0007,拉芙蘭里活動中心,公所,高雄市,桃源區,區公所災民避難收容業務承辦人,6861132,6861132,桃源區公所,里長高秀雄/里幹事張金良,,0928134763/0987852551,848,高雄市,桃源區,拉芙蘭里,南橫公路5段108號,拉芙蘭里,70 ,"■風水災
□地震
□海嘯
■其他
"
349,SE848-0008,樟山國小復興分校,公所,高雄市,桃源區,區公所災民避難收容業務承辦人,6861132,6861132,桃源區公所,里長江維明/里幹事張金良,07-6866209,0937372251/0987852551,848,高雄市,桃源區,復興里,愛玉路38號,復興里,250 ,"■風水災
□地震
□海嘯
■其他
"
350,SE848-0009,勤和活動中心,公所,高雄市,桃源區,區公所災民避難收容業務承辦人,6861132,6861132,桃源區公所,里長高正勇/里幹事謝巧孟,07-6861115,0989650023/0919064347,848,高雄市,桃源區,勤和里,南橫公路三段平台巷36號,勤和里,160 ,"■風水災
□地震
□海嘯
■其他
"
351,SE848-0010,桃源國小,公所,高雄市,桃源區,區公所災民避難收容業務承辦人,6861132,6861132,桃源區公所,里長高慕源/里幹事謝巧孟,07-6861089,0911744212/0919064347,848,高雄市,桃源區,桃源里,北進巷50號,桃源里,150 ,"■風水災
□地震
□海嘯
■其他
"
352,SE848-0011,財團法人基督復臨安息日教會台灣區會復興教會,公所,高雄市,桃源區,區公所災民避難收容業務承辦人,6861132,6861132,桃源區公所,朱小山,6866295,0982-119928,848,高雄市,桃源區,復興里,復興巷33號,復興里,60 ,"■風水災
□地震
□海嘯
■其他
"
353,SE848-0012,台灣基督長老教會南布中會復興教會,公所,高雄市,桃源區,區公所災民避難收容業務承辦人,6861132,6861132,桃源區公所,張碩廷,07-6866083,0980-574948,848,高雄市,桃源區,復興里,愛玉路29號,復興里,60 ,"■風水災
□地震
□海嘯
■其他
"
354,SE849-0001,民族平台避難屋,公所,高雄市,那瑪夏區,區公所災民避難收容業務承辦人,6701001*160,6701001*160,那瑪夏區公所,南沙魯里長張輝政,6701110,0935815770,849,高雄市,那瑪夏區,南沙魯里,鞍山巷（位於南沙魯里左側上方）,為臨時避難屋，收容南沙魯里,200 ,"■風水災
■地震
□海嘯
■其他
"
355,SE849-0002,大光教會 ,公所,高雄市,那瑪夏區,區公所災民避難收容業務承辦人,6701001*160,6701001*160,那瑪夏區公所,里長許聖明,6701442,0919154312,849,高雄市,那瑪夏區,達卡弩瓦里,大光巷116號,"達卡努瓦里
",250 ,"■風水災
■地震
□海嘯
■其他
"
356,SE849-0003,民權國小,公所,高雄市,那瑪夏區,區公所災民避難收容業務承辦人,6701001*160,6701001*160,那瑪夏區公所,瑪雅里長蔡運福,6701319 ,0937492360 ,849,高雄市,那瑪夏區,瑪雅里,平和巷220號,"瑪雅里",300 ,"■風水災
■地震
□海嘯
■其他
"
,,,,,,,,,,,,,,,,,,總計,"85,477 ",